"","X","id","time","MAX_DEP"
"1",8377,35,2015-09-22 10:58:00,1.79175946922805
"2",8378,35,2015-09-22 11:04:00,1.79175946922805
"3",8379,35,2015-09-22 11:09:00,1.79175946922805
"4",8380,35,2015-09-22 14:05:00,1.79175946922805
"5",8381,35,2015-09-22 14:10:00,1.79175946922805
"6",8382,35,2015-09-22 14:13:00,1.38629436111989
"7",8383,35,2015-09-22 18:00:00,2.07944154167984
"8",8384,35,2015-09-22 18:06:00,2.07944154167984
"9",8385,35,2015-09-22 18:12:00,2.07944154167984
"10",8386,35,2015-09-22 18:16:00,2.07944154167984
"11",8387,35,2015-09-22 18:21:00,2.07944154167984
"12",8388,35,2015-09-22 18:27:00,2.07944154167984
"13",8389,35,2015-09-22 19:04:00,2.30258509299405
"14",8390,35,2015-09-22 19:10:00,2.30258509299405
"15",8391,35,2015-09-22 19:17:00,2.30258509299405
"16",8392,35,2015-09-22 20:16:00,2.63905732961526
"17",8393,35,2015-09-22 20:22:00,2.63905732961526
"18",8394,35,2015-09-22 20:28:00,2.63905732961526
"19",8395,35,2015-09-22 21:05:00,2.77258872223978
"20",8396,35,2015-09-22 21:10:00,2.07944154167984
"21",8397,35,2015-09-22 21:16:00,1.79175946922805
"22",8398,35,2015-09-22 21:21:00,1.38629436111989
"23",8400,35,2015-09-22 21:31:00,2.89037175789616
"24",8401,35,2015-09-22 21:55:00,2.99573227355399
"25",8402,35,2015-09-22 22:02:00,3.09104245335832
"26",8403,35,2015-09-22 22:08:00,3.09104245335832
"27",8404,35,2015-09-22 22:14:00,3.09104245335832
"28",8405,35,2015-09-22 22:20:00,3.17805383034795
"29",8406,35,2015-09-22 22:26:00,3.17805383034795
"30",8407,35,2015-09-22 22:32:00,3.25809653802148
"31",8408,35,2015-09-22 22:37:00,3.25809653802148
"32",8409,35,2015-09-22 22:42:00,3.25809653802148
"33",8410,35,2015-09-23 00:03:00,3.3322045101752
"34",8411,35,2015-09-23 00:08:00,3.3322045101752
"35",8412,35,2015-09-23 00:14:00,3.3322045101752
"36",8413,35,2015-09-23 00:32:00,3.40119738166216
"37",8414,35,2015-09-23 00:36:00,1.38629436111989
"38",8415,35,2015-09-23 00:40:00,1.38629436111989
"39",8416,35,2015-09-23 01:53:00,1.79175946922805
"40",8417,35,2015-09-23 01:58:00,1.79175946922805
"41",8419,35,2015-09-23 02:30:00,3.09104245335832
"42",8420,35,2015-09-23 02:34:00,3.25809653802148
"43",8421,35,2015-09-23 02:40:00,3.40119738166216
"44",8422,35,2015-09-23 03:18:00,1.79175946922805
"45",8423,35,2015-09-23 03:23:00,3.49650756146648
"46",8424,35,2015-09-23 03:29:00,1.38629436111989
"47",8425,35,2015-09-23 03:50:00,1.38629436111989
"48",8426,35,2015-09-23 03:55:00,1.79175946922805
"49",8427,35,2015-09-23 04:02:00,1.79175946922805
"50",8428,35,2015-09-23 04:07:00,1.38629436111989
"51",8431,35,2015-09-23 04:30:00,1.38629436111989
"52",8432,35,2015-09-23 04:35:00,3.49650756146648
"53",8433,35,2015-09-23 04:40:00,1.38629436111989
"54",8435,35,2015-09-23 06:46:00,1.38629436111989
"55",8437,35,2015-09-23 06:52:00,1.38629436111989
"56",8438,35,2015-09-23 06:58:00,1.38629436111989
"57",8439,35,2015-09-23 07:04:00,1.79175946922805
"58",8440,35,2015-09-23 07:11:00,1.38629436111989
"59",8441,35,2015-09-23 07:17:00,1.38629436111989
"60",8442,35,2015-09-23 07:23:00,3.49650756146648
"61",8443,35,2015-09-23 09:12:00,3.61091791264422
"62",8444,35,2015-09-23 09:18:00,3.61091791264422
"63",8445,35,2015-09-23 09:24:00,3.61091791264422
"64",8446,35,2015-09-23 10:04:00,1.38629436111989
"65",8447,35,2015-09-23 10:08:00,3.49650756146648
"66",8448,35,2015-09-23 10:14:00,3.49650756146648
"67",8449,35,2015-09-23 10:39:00,3.49650756146648
"68",8450,35,2015-09-23 10:46:00,3.49650756146648
"69",8451,35,2015-09-23 10:52:00,3.49650756146648
"70",8452,35,2015-09-23 10:58:00,3.49650756146648
"71",8453,35,2015-09-23 11:04:00,3.49650756146648
"72",8454,35,2015-09-23 11:11:00,3.49650756146648
"73",8455,35,2015-09-23 12:52:00,3.49650756146648
"74",8456,35,2015-09-23 12:59:00,3.49650756146648
"75",8457,35,2015-09-23 13:05:00,3.49650756146648
"76",8458,35,2015-09-23 13:12:00,3.49650756146648
"77",8459,35,2015-09-23 13:18:00,3.49650756146648
"78",8460,35,2015-09-23 13:25:00,3.49650756146648
"79",8461,35,2015-09-23 13:52:00,3.49650756146648
"80",8462,35,2015-09-23 13:58:00,3.49650756146648
"81",8463,35,2015-09-23 14:05:00,3.49650756146648
"82",8464,35,2015-09-23 14:11:00,3.49650756146648
"83",8465,35,2015-09-23 14:17:00,3.40119738166216
"84",8466,35,2015-09-23 14:23:00,1.79175946922805
"85",8467,35,2015-09-23 15:42:00,3.40119738166216
"86",8468,35,2015-09-23 15:49:00,3.40119738166216
"87",8469,35,2015-09-23 15:56:00,3.40119738166216
"88",8470,35,2015-09-23 16:23:00,3.40119738166216
"89",8471,35,2015-09-23 16:30:00,3.40119738166216
"90",8472,35,2015-09-23 16:36:00,3.3322045101752
"91",8473,35,2015-09-23 16:59:00,3.3322045101752
"92",8474,35,2015-09-23 17:05:00,3.3322045101752
"93",8475,35,2015-09-23 17:11:00,3.3322045101752
"94",8476,35,2015-09-23 17:18:00,3.3322045101752
"95",8477,35,2015-09-23 17:24:00,3.3322045101752
"96",8478,35,2015-09-23 17:30:00,3.3322045101752
"97",8479,35,2015-09-23 17:36:00,3.25809653802148
"98",8480,35,2015-09-23 17:42:00,3.25809653802148
"99",8481,35,2015-09-23 17:49:00,3.25809653802148
"100",8482,35,2015-09-23 18:32:00,3.25809653802148
"101",8483,35,2015-09-23 18:38:00,3.25809653802148
"102",8484,35,2015-09-23 18:44:00,3.25809653802148
"103",8485,35,2015-09-23 18:50:00,3.25809653802148
"104",8486,35,2015-09-23 18:56:00,3.25809653802148
"105",8487,35,2015-09-23 19:03:00,3.25809653802148
"106",8488,35,2015-09-23 19:09:00,3.17805383034795
"107",8489,35,2015-09-23 19:15:00,3.17805383034795
"108",8490,35,2015-09-23 19:21:00,3.17805383034795
"109",8491,35,2015-09-23 20:01:00,3.17805383034795
"110",8492,35,2015-09-23 20:07:00,3.09104245335832
"111",8493,35,2015-09-23 20:13:00,3.09104245335832
"112",8494,35,2015-09-23 20:19:00,3.09104245335832
"113",8495,35,2015-09-23 20:25:00,3.09104245335832
"114",8496,35,2015-09-23 20:31:00,3.09104245335832
"115",8497,35,2015-09-23 21:11:00,3.09104245335832
"116",8498,35,2015-09-23 21:17:00,2.99573227355399
"117",8499,35,2015-09-23 21:23:00,2.99573227355399
"118",8500,35,2015-09-23 21:47:00,2.99573227355399
"119",8501,35,2015-09-23 21:53:00,2.99573227355399
"120",8502,35,2015-09-23 22:00:00,2.99573227355399
"121",8503,35,2015-09-23 22:59:00,2.99573227355399
"122",8504,35,2015-09-23 23:05:00,2.99573227355399
"123",8505,35,2015-09-23 23:10:00,2.99573227355399
"124",8506,35,2015-09-23 23:16:00,2.99573227355399
"125",8507,35,2015-09-23 23:22:00,2.99573227355399
"126",8508,35,2015-09-23 23:28:00,2.99573227355399
"127",8509,35,2015-09-24 03:45:00,2.89037175789616
"128",8510,35,2015-09-24 03:49:00,2.89037175789616
"129",8511,35,2015-09-24 03:55:00,2.89037175789616
"130",8512,35,2015-09-24 05:19:00,2.89037175789616
"131",8513,35,2015-09-24 05:24:00,2.89037175789616
"132",8514,35,2015-09-24 05:29:00,2.89037175789616
"133",8516,35,2015-09-24 05:49:00,2.89037175789616
"134",8517,35,2015-09-24 05:52:00,2.89037175789616
"135",8518,35,2015-09-24 10:12:00,2.89037175789616
"136",8519,35,2015-09-24 10:18:00,2.89037175789616
"137",8520,35,2015-09-24 10:22:00,1.79175946922805
"138",8521,35,2015-09-24 10:25:00,1.79175946922805
"139",8522,35,2015-09-24 10:29:00,2.89037175789616
"140",8523,35,2015-09-24 10:34:00,2.30258509299405
"141",8524,35,2015-09-24 10:39:00,1.38629436111989
"142",8525,35,2015-09-24 10:44:00,1.38629436111989
"143",8526,35,2015-09-24 10:48:00,2.89037175789616
"144",8527,35,2015-09-24 12:24:00,1.38629436111989
"145",8530,35,2015-09-24 12:31:00,1.38629436111989
"146",8533,35,2015-09-24 13:13:00,2.30258509299405
"147",8534,35,2015-09-24 13:19:00,2.63905732961526
"148",8535,35,2015-09-24 13:27:00,2.484906649788
"149",8536,35,2015-09-24 13:33:00,2.484906649788
"150",8537,35,2015-09-24 13:40:00,2.484906649788
"151",8538,35,2015-09-24 13:48:00,2.484906649788
"152",8539,35,2015-09-24 15:39:00,2.30258509299405
"153",8540,35,2015-09-24 15:44:00,2.30258509299405
"154",8541,35,2015-09-24 15:49:00,2.30258509299405
"155",8542,35,2015-09-24 15:54:00,2.07944154167984
"156",8543,35,2015-09-24 16:00:00,2.07944154167984
"157",8544,35,2015-09-24 16:06:00,2.07944154167984
"158",8545,35,2015-09-24 16:11:00,2.07944154167984
"159",8546,35,2015-09-24 16:17:00,2.07944154167984
"160",8547,35,2015-09-24 16:22:00,2.07944154167984
"161",8554,35,2015-09-24 19:20:00,1.79175946922805
"162",8555,35,2015-09-24 19:25:00,1.79175946922805
"163",8556,35,2015-09-24 19:30:00,1.79175946922805
"164",8557,35,2015-09-24 19:33:00,2.07944154167984
"165",8558,35,2015-09-24 19:35:00,2.07944154167984
"166",8559,35,2015-09-24 19:40:00,2.07944154167984
"167",8560,35,2015-09-24 21:00:00,2.07944154167984
"168",8561,35,2015-09-24 21:05:00,2.07944154167984
"169",8562,35,2015-09-24 21:10:00,2.07944154167984
"170",8563,35,2015-09-24 21:15:00,2.07944154167984
"171",8564,35,2015-09-24 21:19:00,2.07944154167984
"172",8565,35,2015-09-24 21:22:00,2.07944154167984
"173",8566,35,2015-09-24 22:17:00,2.30258509299405
"174",8567,35,2015-09-24 22:23:00,2.30258509299405
"175",8568,35,2015-09-24 22:29:00,2.30258509299405
"176",8569,35,2015-09-24 23:09:00,2.484906649788
"177",8570,35,2015-09-24 23:15:00,2.484906649788
"178",8571,35,2015-09-24 23:21:00,2.484906649788
"179",8572,35,2015-09-24 23:42:00,1.79175946922805
"180",8573,35,2015-09-24 23:44:00,2.484906649788
"181",8574,35,2015-09-24 23:51:00,2.484906649788
"182",8575,35,2015-09-25 00:15:00,2.30258509299405
"183",8576,35,2015-09-25 00:20:00,2.30258509299405
"184",8577,35,2015-09-25 00:27:00,2.30258509299405
"185",8578,35,2015-09-25 01:39:00,2.07944154167984
"186",8579,35,2015-09-25 01:44:00,2.07944154167984
"187",8580,35,2015-09-25 01:49:00,2.07944154167984
"188",8581,35,2015-09-25 03:43:00,2.99573227355399
"189",8582,35,2015-09-25 03:49:00,2.99573227355399
"190",8583,35,2015-09-25 03:55:00,2.99573227355399
"191",8584,35,2015-09-25 06:31:00,2.99573227355399
"192",8585,35,2015-09-25 06:37:00,2.99573227355399
"193",8586,35,2015-09-25 06:42:00,2.99573227355399
"194",8590,35,2015-09-25 13:00:00,1.38629436111989
"195",8591,35,2015-09-25 13:05:00,1.38629436111989
"196",8593,35,2015-09-25 14:01:00,1.79175946922805
"197",8595,35,2015-09-25 14:08:00,3.17805383034795
"198",8596,35,2015-09-25 18:08:00,3.40119738166216
"199",8597,35,2015-09-25 18:14:00,1.79175946922805
"200",8598,35,2015-09-25 18:18:00,1.38629436111989
"201",8599,35,2015-09-26 00:59:00,3.09104245335832
"202",8600,35,2015-09-26 01:04:00,3.09104245335832
"203",8601,35,2015-09-26 01:10:00,3.09104245335832
"204",8602,35,2015-09-26 01:16:00,3.09104245335832
"205",8603,35,2015-09-26 01:21:00,3.09104245335832
"206",8604,35,2015-09-26 01:27:00,3.09104245335832
"207",8605,35,2015-09-26 01:51:00,3.09104245335832
"208",8606,35,2015-09-26 01:57:00,3.09104245335832
"209",8607,35,2015-09-26 02:04:00,3.09104245335832
"210",8608,35,2015-09-26 03:22:00,3.09104245335832
"211",8609,35,2015-09-26 03:28:00,2.99573227355399
"212",8610,35,2015-09-26 03:34:00,3.09104245335832
"213",8611,35,2015-09-26 03:41:00,3.09104245335832
"214",8612,35,2015-09-26 03:48:00,3.09104245335832
"215",8613,35,2015-09-26 03:55:00,2.99573227355399
"216",8614,35,2015-09-26 06:03:00,2.99573227355399
"217",8615,35,2015-09-26 06:08:00,2.99573227355399
"218",8616,35,2015-09-26 06:15:00,2.99573227355399
"219",8617,35,2015-09-26 06:21:00,2.99573227355399
"220",8618,35,2015-09-26 06:28:00,2.99573227355399
"221",8619,35,2015-09-26 06:35:00,2.99573227355399
"222",8620,35,2015-09-26 06:59:00,2.99573227355399
"223",8621,35,2015-09-26 07:04:00,2.99573227355399
"224",8622,35,2015-09-26 07:10:00,2.99573227355399
"225",8623,35,2015-09-26 07:15:00,2.99573227355399
"226",8624,35,2015-09-26 07:21:00,2.99573227355399
"227",8625,35,2015-09-26 07:27:00,2.99573227355399
"228",8626,35,2015-09-26 08:48:00,3.09104245335832
"229",8628,35,2015-09-26 08:56:00,3.09104245335832
"230",8629,35,2015-09-26 09:40:00,2.99573227355399
"231",8630,35,2015-09-26 09:47:00,2.99573227355399
"232",8631,35,2015-09-26 09:54:00,2.99573227355399
"233",8632,35,2015-09-26 10:00:00,2.99573227355399
"234",8633,35,2015-09-26 10:08:00,2.99573227355399
"235",8634,35,2015-09-26 10:14:00,2.99573227355399
"236",8635,35,2015-09-26 13:22:00,2.07944154167984
"237",8636,35,2015-09-26 13:23:00,2.99573227355399
"238",8637,35,2015-09-26 13:29:00,1.79175946922805
"239",8638,35,2015-09-26 14:39:00,2.99573227355399
"240",8639,35,2015-09-26 14:45:00,2.99573227355399
"241",8640,35,2015-09-26 14:51:00,2.99573227355399
"242",8641,35,2015-09-26 15:17:00,3.09104245335832
"243",8642,35,2015-09-26 15:23:00,3.09104245335832
"244",8643,35,2015-09-26 15:29:00,3.09104245335832
"245",8644,35,2015-09-26 15:55:00,3.09104245335832
"246",8645,35,2015-09-26 16:01:00,3.09104245335832
"247",8646,35,2015-09-26 16:07:00,3.09104245335832
"248",8647,35,2015-09-26 16:12:00,3.09104245335832
"249",8648,35,2015-09-26 16:17:00,3.09104245335832
"250",8649,35,2015-09-26 16:24:00,3.09104245335832
"251",8650,35,2015-09-26 18:16:00,3.09104245335832
"252",8651,35,2015-09-26 18:22:00,3.17805383034795
"253",8652,35,2015-09-26 18:28:00,3.17805383034795
"254",8653,35,2015-09-26 19:09:00,3.09104245335832
"255",8654,35,2015-09-26 19:14:00,3.09104245335832
"256",8655,35,2015-09-26 19:21:00,3.09104245335832
"257",8656,35,2015-09-26 20:01:00,3.09104245335832
"258",8657,35,2015-09-26 20:07:00,3.09104245335832
"259",8658,35,2015-09-26 20:13:00,3.09104245335832
"260",8659,35,2015-09-26 22:05:00,3.09104245335832
"261",8660,35,2015-09-26 22:11:00,3.09104245335832
"262",8661,35,2015-09-26 22:17:00,3.09104245335832
"263",8662,35,2015-09-26 22:23:00,3.09104245335832
"264",8663,35,2015-09-26 22:28:00,3.09104245335832
"265",8664,35,2015-09-26 22:34:00,3.09104245335832
"266",8665,35,2015-09-26 23:11:00,3.09104245335832
"267",8666,35,2015-09-26 23:15:00,3.09104245335832
"268",8667,35,2015-09-26 23:21:00,3.09104245335832
"269",8668,35,2015-09-27 00:14:00,3.09104245335832
"270",8669,35,2015-09-27 00:19:00,2.30258509299405
"271",8670,35,2015-09-27 00:28:00,3.09104245335832
"272",8671,35,2015-09-27 00:32:00,2.484906649788
"273",8672,35,2015-09-27 00:37:00,3.09104245335832
"274",8673,35,2015-09-27 00:42:00,2.484906649788
"275",8674,35,2015-09-27 00:47:00,2.07944154167984
"276",8675,35,2015-09-27 00:52:00,1.79175946922805
"277",8676,35,2015-09-27 00:57:00,3.09104245335832
"278",8677,35,2015-09-27 01:02:00,3.09104245335832
"279",8678,35,2015-09-27 01:08:00,2.99573227355399
"280",8679,35,2015-09-27 01:15:00,3.09104245335832
"281",8680,35,2015-09-27 01:20:00,3.09104245335832
"282",8681,35,2015-09-27 01:26:00,3.09104245335832
"283",8682,35,2015-09-27 01:33:00,3.09104245335832
"284",8683,35,2015-09-27 01:39:00,3.09104245335832
"285",8684,35,2015-09-27 01:44:00,3.09104245335832
"286",8685,35,2015-09-27 01:48:00,3.09104245335832
"287",8686,35,2015-09-27 02:12:00,3.09104245335832
"288",8687,35,2015-09-27 02:17:00,3.09104245335832
"289",8688,35,2015-09-27 02:23:00,3.09104245335832
"290",8689,35,2015-09-27 04:33:00,1.79175946922805
"291",8691,35,2015-09-27 04:40:00,1.79175946922805
"292",8692,35,2015-09-27 04:44:00,2.89037175789616
"293",8693,35,2015-09-27 04:49:00,2.07944154167984
"294",8694,35,2015-09-27 06:46:00,2.89037175789616
"295",8695,35,2015-09-27 06:52:00,2.89037175789616
"296",8696,35,2015-09-27 06:59:00,2.89037175789616
"297",8697,35,2015-09-27 07:06:00,2.89037175789616
"298",8698,35,2015-09-27 07:12:00,2.89037175789616
"299",8699,35,2015-09-27 07:18:00,2.89037175789616
"300",8700,35,2015-09-27 07:36:00,2.89037175789616
"301",8701,35,2015-09-27 07:43:00,2.89037175789616
"302",8702,35,2015-09-27 07:50:00,2.89037175789616
"303",8703,35,2015-09-27 07:57:00,2.89037175789616
"304",8704,35,2015-09-27 08:04:00,2.89037175789616
"305",8705,35,2015-09-27 08:12:00,2.89037175789616
"306",8706,35,2015-09-27 08:35:00,2.89037175789616
"307",8707,35,2015-09-27 08:42:00,2.89037175789616
"308",8708,35,2015-09-27 08:50:00,2.89037175789616
"309",8709,35,2015-09-27 09:18:00,2.89037175789616
"310",8710,35,2015-09-27 09:25:00,2.89037175789616
"311",8711,35,2015-09-27 09:32:00,2.89037175789616
"312",8712,35,2015-09-27 10:45:00,2.89037175789616
"313",8713,35,2015-09-27 10:52:00,2.89037175789616
"314",8714,35,2015-09-27 10:58:00,2.77258872223978
"315",8715,35,2015-09-27 11:37:00,2.484906649788
"316",8716,35,2015-09-27 11:43:00,2.77258872223978
"317",8717,35,2015-09-27 11:49:00,2.77258872223978
"318",8718,35,2015-09-27 11:55:00,2.77258872223978
"319",8719,35,2015-09-27 12:01:00,2.63905732961526
"320",8720,35,2015-09-27 12:07:00,2.77258872223978
"321",8721,35,2015-09-27 13:14:00,2.77258872223978
"322",8722,35,2015-09-27 13:21:00,2.77258872223978
"323",8723,35,2015-09-27 13:28:00,2.77258872223978
"324",8724,35,2015-09-27 13:34:00,2.77258872223978
"325",8725,35,2015-09-27 13:41:00,2.63905732961526
"326",8726,35,2015-09-27 13:48:00,2.63905732961526
"327",8727,35,2015-09-27 14:14:00,2.63905732961526
"328",8728,35,2015-09-27 14:20:00,2.63905732961526
"329",8729,35,2015-09-27 14:27:00,2.63905732961526
"330",8730,35,2015-09-27 14:32:00,2.63905732961526
"331",8731,35,2015-09-27 14:38:00,2.63905732961526
"332",8732,35,2015-09-27 14:44:00,2.63905732961526
"333",8733,35,2015-09-27 15:07:00,2.63905732961526
"334",8734,35,2015-09-27 15:13:00,2.63905732961526
"335",8735,35,2015-09-27 15:19:00,2.63905732961526
"336",8736,35,2015-09-27 16:01:00,2.63905732961526
"337",8737,35,2015-09-27 16:06:00,2.63905732961526
"338",8738,35,2015-09-27 16:13:00,2.63905732961526
"339",8739,35,2015-09-27 16:18:00,2.63905732961526
"340",8740,35,2015-09-27 16:23:00,2.63905732961526
"341",8741,35,2015-09-27 16:29:00,2.63905732961526
"342",8742,35,2015-09-27 16:35:00,2.63905732961526
"343",8743,35,2015-09-27 16:40:00,2.63905732961526
"344",8744,35,2015-09-27 16:47:00,2.484906649788
"345",8745,35,2015-09-27 16:52:00,2.484906649788
"346",8746,35,2015-09-27 16:58:00,2.484906649788
"347",8747,35,2015-09-27 17:05:00,2.484906649788
"348",8748,35,2015-09-27 17:11:00,2.484906649788
"349",8749,35,2015-09-27 17:17:00,2.484906649788
"350",8750,35,2015-09-27 17:21:00,2.484906649788
"351",8751,35,2015-09-27 17:40:00,2.484906649788
"352",8752,35,2015-09-27 17:45:00,2.484906649788
"353",8753,35,2015-09-27 17:49:00,2.484906649788
"354",8760,35,2015-09-27 21:19:00,1.79175946922805
"355",8761,35,2015-09-27 21:24:00,1.79175946922805
"356",8762,35,2015-09-27 21:28:00,1.79175946922805
"357",8763,35,2015-09-27 21:49:00,1.79175946922805
"358",8764,35,2015-09-27 21:54:00,1.79175946922805
"359",8765,35,2015-09-27 22:00:00,1.79175946922805
"360",8766,35,2015-09-27 22:34:00,2.07944154167984
"361",8767,35,2015-09-27 22:38:00,2.07944154167984
"362",8768,35,2015-09-27 22:43:00,2.07944154167984
"363",8769,35,2015-09-27 23:19:00,2.07944154167984
"364",8770,35,2015-09-27 23:24:00,2.07944154167984
"365",8771,35,2015-09-27 23:30:00,2.30258509299405
"366",8772,35,2015-09-27 23:36:00,2.30258509299405
"367",8773,35,2015-09-27 23:41:00,2.30258509299405
"368",8774,35,2015-09-27 23:46:00,2.07944154167984
"369",8775,35,2015-09-27 23:52:00,2.30258509299405
"370",8776,35,2015-09-27 23:56:00,2.30258509299405
"371",8777,35,2015-09-28 00:02:00,2.30258509299405
"372",8778,35,2015-09-28 00:08:00,2.30258509299405
"373",8779,35,2015-09-28 00:14:00,2.30258509299405
"374",8780,35,2015-09-28 00:20:00,2.30258509299405
"375",8781,35,2015-09-28 00:56:00,2.30258509299405
"376",8782,35,2015-09-28 01:01:00,2.30258509299405
"377",8783,35,2015-09-28 01:06:00,2.30258509299405
"378",8784,35,2015-09-28 01:23:00,2.30258509299405
"379",8785,35,2015-09-28 01:28:00,1.38629436111989
"380",8786,35,2015-09-28 01:32:00,2.30258509299405
"381",8787,35,2015-09-28 01:36:00,2.30258509299405
"382",8788,35,2015-09-28 01:41:00,2.484906649788
"383",8789,35,2015-09-28 01:45:00,2.07944154167984
"384",8790,35,2015-09-28 03:50:00,2.63905732961526
"385",8791,35,2015-09-28 03:55:00,2.63905732961526
"386",8792,35,2015-09-28 03:59:00,2.63905732961526
"387",8793,35,2015-09-28 05:11:00,2.63905732961526
"388",8794,35,2015-09-28 05:15:00,2.63905732961526
"389",8795,35,2015-09-28 05:22:00,2.63905732961526
"390",8796,35,2015-09-28 07:39:00,2.63905732961526
"391",8797,35,2015-09-28 07:45:00,2.63905732961526
"392",8798,35,2015-09-28 07:52:00,2.63905732961526
"393",8799,35,2015-09-28 08:29:00,2.63905732961526
"394",8800,35,2015-09-28 08:34:00,2.63905732961526
"395",8801,35,2015-09-28 08:41:00,2.63905732961526
"396",8802,35,2015-09-28 09:39:00,2.63905732961526
"397",8803,35,2015-09-28 09:45:00,2.63905732961526
"398",8804,35,2015-09-28 09:50:00,2.77258872223978
"399",8805,35,2015-09-28 12:05:00,1.79175946922805
"400",8806,35,2015-09-28 13:21:00,2.77258872223978
"401",8807,35,2015-09-28 13:26:00,2.77258872223978
"402",8808,35,2015-09-28 13:32:00,2.63905732961526
"403",8809,35,2015-09-28 14:33:00,2.77258872223978
"404",8810,35,2015-09-28 14:41:00,2.77258872223978
"405",8811,35,2015-09-28 14:46:00,2.77258872223978
"406",8812,35,2015-09-28 15:11:00,2.77258872223978
"407",8813,35,2015-09-28 15:17:00,2.77258872223978
"408",8814,35,2015-09-28 15:22:00,2.77258872223978
"409",8815,35,2015-09-28 16:29:00,2.77258872223978
"410",8816,35,2015-09-28 16:35:00,2.77258872223978
"411",8817,35,2015-09-28 16:40:00,2.77258872223978
"412",8818,35,2015-09-28 16:45:00,2.77258872223978
"413",8819,35,2015-09-28 16:51:00,2.77258872223978
"414",8820,35,2015-09-28 16:57:00,2.77258872223978
"415",8821,35,2015-09-28 19:47:00,2.99573227355399
"416",8822,35,2015-09-28 19:53:00,2.99573227355399
"417",8823,35,2015-09-28 19:59:00,2.99573227355399
"418",8824,35,2015-09-28 20:36:00,2.89037175789616
"419",8825,35,2015-09-28 20:40:00,2.89037175789616
"420",8826,35,2015-09-28 20:45:00,2.89037175789616
"421",8827,35,2015-09-28 21:46:00,2.99573227355399
"422",8828,35,2015-09-28 21:52:00,2.99573227355399
"423",8829,35,2015-09-28 21:58:00,2.99573227355399
"424",8830,35,2015-09-29 01:00:00,3.09104245335832
"425",8831,35,2015-09-29 01:07:00,2.99573227355399
"426",8832,35,2015-09-29 01:11:00,2.99573227355399
"427",8833,35,2015-09-29 05:07:00,3.09104245335832
"428",8834,35,2015-09-29 05:12:00,3.09104245335832
"429",8835,35,2015-09-29 05:17:00,3.09104245335832
"430",8836,35,2015-09-29 05:20:00,3.09104245335832
"431",8837,35,2015-09-29 05:25:00,1.38629436111989
"432",8839,35,2015-09-29 06:54:00,3.09104245335832
"433",8841,35,2015-09-29 12:18:00,1.38629436111989
"434",8842,35,2015-09-29 12:22:00,1.38629436111989
"435",8843,35,2015-09-29 15:39:00,3.09104245335832
"436",8844,35,2015-09-29 15:45:00,3.09104245335832
"437",8845,35,2015-09-29 15:52:00,2.99573227355399
"438",8846,35,2015-09-29 17:32:00,3.09104245335832
"439",8847,35,2015-09-29 17:38:00,3.09104245335832
"440",8848,35,2015-09-29 17:46:00,3.09104245335832
"441",8849,35,2015-09-29 18:31:00,3.09104245335832
"442",8850,35,2015-09-29 18:37:00,3.09104245335832
"443",8851,35,2015-09-29 18:43:00,3.09104245335832
"444",8852,35,2015-09-30 01:50:00,3.09104245335832
"445",8853,35,2015-09-30 01:55:00,3.09104245335832
"446",8854,35,2015-09-30 02:02:00,3.09104245335832
"447",24331,38,2015-09-10 23:22:00,1.38629436111989
"448",24332,38,2015-09-10 23:25:00,1.38629436111989
"449",24342,38,2015-09-10 23:57:00,1.38629436111989
"450",24343,38,2015-09-10 23:58:00,1.38629436111989
"451",24344,38,2015-09-10 23:59:00,1.38629436111989
"452",24345,38,2015-09-11 00:29:00,1.38629436111989
"453",24348,38,2015-09-11 00:40:00,1.79175946922805
"454",24349,38,2015-09-11 00:45:00,2.07944154167984
"455",24350,38,2015-09-11 00:51:00,2.07944154167984
"456",24351,38,2015-09-11 00:57:00,2.07944154167984
"457",24352,38,2015-09-11 01:01:00,2.07944154167984
"458",24353,38,2015-09-11 01:06:00,2.07944154167984
"459",24354,38,2015-09-11 01:20:00,1.38629436111989
"460",24355,38,2015-09-11 01:25:00,1.38629436111989
"461",24356,38,2015-09-11 01:31:00,1.38629436111989
"462",24357,38,2015-09-11 01:36:00,1.38629436111989
"463",24358,38,2015-09-11 01:42:00,1.38629436111989
"464",24359,38,2015-09-11 01:48:00,2.07944154167984
"465",24360,38,2015-09-11 02:47:00,1.79175946922805
"466",24361,38,2015-09-11 02:53:00,1.38629436111989
"467",24362,38,2015-09-11 02:58:00,2.07944154167984
"468",24363,38,2015-09-11 04:19:00,2.07944154167984
"469",24364,38,2015-09-11 04:24:00,2.07944154167984
"470",24365,38,2015-09-11 04:30:00,2.07944154167984
"471",24366,38,2015-09-11 04:31:00,1.79175946922805
"472",24367,38,2015-09-11 04:35:00,1.79175946922805
"473",24368,38,2015-09-11 04:40:00,1.79175946922805
"474",24369,38,2015-09-11 05:03:00,1.38629436111989
"475",24370,38,2015-09-11 05:09:00,2.07944154167984
"476",24371,38,2015-09-11 05:15:00,1.79175946922805
"477",24372,38,2015-09-11 06:34:00,1.79175946922805
"478",24373,38,2015-09-11 06:39:00,1.79175946922805
"479",24374,38,2015-09-11 06:44:00,1.38629436111989
"480",24375,38,2015-09-11 07:18:00,1.38629436111989
"481",24376,38,2015-09-11 07:23:00,1.79175946922805
"482",24377,38,2015-09-11 07:31:00,1.79175946922805
"483",24378,38,2015-09-11 08:19:00,2.07944154167984
"484",24379,38,2015-09-11 08:26:00,2.07944154167984
"485",24380,38,2015-09-11 08:33:00,2.07944154167984
"486",24381,38,2015-09-11 08:57:00,1.79175946922805
"487",24382,38,2015-09-11 09:03:00,1.79175946922805
"488",24383,38,2015-09-11 09:08:00,1.79175946922805
"489",24384,38,2015-09-11 09:14:00,1.79175946922805
"490",24385,38,2015-09-11 09:20:00,1.79175946922805
"491",24386,38,2015-09-11 09:26:00,1.79175946922805
"492",24387,38,2015-09-11 09:30:00,1.79175946922805
"493",24388,38,2015-09-11 09:34:00,1.79175946922805
"494",24389,38,2015-09-11 09:37:00,1.79175946922805
"495",24390,38,2015-09-11 09:52:00,2.07944154167984
"496",24391,38,2015-09-11 09:56:00,2.30258509299405
"497",24392,38,2015-09-11 10:00:00,2.30258509299405
"498",24393,38,2015-09-11 10:03:00,2.30258509299405
"499",24394,38,2015-09-11 10:07:00,2.63905732961526
"500",24395,38,2015-09-11 10:11:00,2.77258872223978
"501",24396,38,2015-09-11 10:51:00,1.38629436111989
"502",24397,38,2015-09-11 10:56:00,1.79175946922805
"503",24398,38,2015-09-11 11:01:00,1.38629436111989
"504",24400,38,2015-09-11 11:10:00,1.38629436111989
"505",24401,38,2015-09-11 11:15:00,2.07944154167984
"506",24402,38,2015-09-11 11:20:00,3.71357206670431
"507",24403,38,2015-09-11 11:27:00,3.61091791264422
"508",24404,38,2015-09-11 11:34:00,3.61091791264422
"509",24405,38,2015-09-11 11:41:00,3.61091791264422
"510",24406,38,2015-09-11 11:48:00,3.61091791264422
"511",24407,38,2015-09-11 11:56:00,3.61091791264422
"512",24408,38,2015-09-11 12:03:00,3.61091791264422
"513",24409,38,2015-09-11 12:11:00,3.61091791264422
"514",24410,38,2015-09-11 12:19:00,3.71357206670431
"515",24411,38,2015-09-11 13:12:00,3.71357206670431
"516",24412,38,2015-09-11 13:20:00,3.61091791264422
"517",24413,38,2015-09-11 13:27:00,3.61091791264422
"518",24414,38,2015-09-11 13:34:00,3.71357206670431
"519",24415,38,2015-09-11 13:41:00,3.61091791264422
"520",24416,38,2015-09-11 13:47:00,3.71357206670431
"521",24417,38,2015-09-11 13:52:00,1.38629436111989
"522",24419,38,2015-09-11 13:54:00,1.38629436111989
"523",24420,38,2015-09-11 13:56:00,1.38629436111989
"524",24421,38,2015-09-11 13:57:00,3.71357206670431
"525",24422,38,2015-09-11 14:01:00,1.79175946922805
"526",24423,38,2015-09-11 14:04:00,2.07944154167984
"527",24424,38,2015-09-11 14:08:00,1.38629436111989
"528",24425,38,2015-09-11 14:12:00,1.38629436111989
"529",24426,38,2015-09-11 14:16:00,1.38629436111989
"530",24427,38,2015-09-11 14:21:00,1.38629436111989
"531",24428,38,2015-09-11 14:25:00,1.79175946922805
"532",24429,38,2015-09-11 14:30:00,1.79175946922805
"533",24430,38,2015-09-11 14:35:00,2.07944154167984
"534",24431,38,2015-09-11 14:40:00,2.07944154167984
"535",24432,38,2015-09-11 15:51:00,3.61091791264422
"536",24433,38,2015-09-11 15:59:00,3.61091791264422
"537",24434,38,2015-09-11 16:06:00,3.61091791264422
"538",24435,38,2015-09-11 16:14:00,3.61091791264422
"539",24436,38,2015-09-11 16:21:00,3.61091791264422
"540",24437,38,2015-09-11 16:27:00,1.79175946922805
"541",24438,38,2015-09-11 16:29:00,2.07944154167984
"542",24439,38,2015-09-11 16:32:00,3.61091791264422
"543",24440,38,2015-09-11 16:38:00,3.61091791264422
"544",24441,38,2015-09-11 16:44:00,3.61091791264422
"545",24442,38,2015-09-11 16:51:00,3.61091791264422
"546",24443,38,2015-09-11 16:59:00,3.61091791264422
"547",24444,38,2015-09-11 17:29:00,3.49650756146648
"548",24445,38,2015-09-11 17:36:00,3.61091791264422
"549",24446,38,2015-09-11 17:44:00,3.49650756146648
"550",24447,38,2015-09-11 17:51:00,3.49650756146648
"551",24448,38,2015-09-11 17:58:00,3.49650756146648
"552",24449,38,2015-09-11 18:05:00,3.49650756146648
"553",24450,38,2015-09-11 19:13:00,3.49650756146648
"554",24451,38,2015-09-11 19:20:00,3.49650756146648
"555",24452,38,2015-09-11 19:27:00,3.49650756146648
"556",24453,38,2015-09-11 19:55:00,3.49650756146648
"557",24454,38,2015-09-11 20:01:00,3.49650756146648
"558",24455,38,2015-09-11 20:08:00,3.49650756146648
"559",24456,38,2015-09-11 20:15:00,3.40119738166216
"560",24457,38,2015-09-11 20:21:00,3.40119738166216
"561",24458,38,2015-09-11 20:28:00,3.40119738166216
"562",24459,38,2015-09-11 20:35:00,3.40119738166216
"563",24460,38,2015-09-11 20:41:00,3.40119738166216
"564",24461,38,2015-09-11 20:48:00,3.40119738166216
"565",24462,38,2015-09-11 21:15:00,3.40119738166216
"566",24463,38,2015-09-11 21:21:00,3.40119738166216
"567",24464,38,2015-09-11 21:28:00,3.3322045101752
"568",24465,38,2015-09-11 21:35:00,3.3322045101752
"569",24466,38,2015-09-11 21:41:00,3.3322045101752
"570",24467,38,2015-09-11 21:48:00,3.3322045101752
"571",24468,38,2015-09-11 22:13:00,3.3322045101752
"572",24469,38,2015-09-11 22:19:00,3.25809653802148
"573",24470,38,2015-09-11 22:25:00,3.25809653802148
"574",24471,38,2015-09-11 22:32:00,3.25809653802148
"575",24472,38,2015-09-11 22:37:00,3.25809653802148
"576",24473,38,2015-09-11 22:44:00,3.17805383034795
"577",24474,38,2015-09-11 22:50:00,3.17805383034795
"578",24475,38,2015-09-11 22:56:00,3.25809653802148
"579",24476,38,2015-09-11 23:02:00,3.25809653802148
"580",24477,38,2015-09-11 23:08:00,3.17805383034795
"581",24478,38,2015-09-11 23:14:00,3.17805383034795
"582",24479,38,2015-09-11 23:21:00,3.17805383034795
"583",24480,38,2015-09-11 23:26:00,3.17805383034795
"584",24481,38,2015-09-11 23:32:00,3.17805383034795
"585",24482,38,2015-09-11 23:38:00,3.17805383034795
"586",24483,38,2015-09-11 23:44:00,3.17805383034795
"587",24484,38,2015-09-11 23:49:00,3.17805383034795
"588",24485,38,2015-09-11 23:55:00,3.17805383034795
"589",24486,38,2015-09-12 00:01:00,3.17805383034795
"590",24487,38,2015-09-12 00:07:00,3.17805383034795
"591",24488,38,2015-09-12 00:13:00,3.17805383034795
"592",24489,38,2015-09-12 01:21:00,1.38629436111989
"593",24490,38,2015-09-12 01:25:00,1.38629436111989
"594",24492,38,2015-09-12 01:33:00,1.79175946922805
"595",24493,38,2015-09-12 01:36:00,2.30258509299405
"596",24494,38,2015-09-12 01:40:00,1.38629436111989
"597",24495,38,2015-09-12 01:43:00,2.99573227355399
"598",24496,38,2015-09-12 01:47:00,2.99573227355399
"599",24497,38,2015-09-12 02:34:00,2.63905732961526
"600",24498,38,2015-09-12 02:38:00,2.30258509299405
"601",24499,38,2015-09-12 02:44:00,2.89037175789616
"602",24500,38,2015-09-12 02:50:00,1.79175946922805
"603",24501,38,2015-09-12 02:55:00,1.79175946922805
"604",24502,38,2015-09-12 03:00:00,2.07944154167984
"605",24503,38,2015-09-12 03:44:00,2.89037175789616
"606",24504,38,2015-09-12 03:48:00,2.77258872223978
"607",24505,38,2015-09-12 03:54:00,2.89037175789616
"608",24506,38,2015-09-12 03:59:00,2.484906649788
"609",24507,38,2015-09-12 04:04:00,2.89037175789616
"610",24508,38,2015-09-12 04:09:00,2.89037175789616
"611",24509,38,2015-09-12 04:14:00,2.30258509299405
"612",24510,38,2015-09-12 04:18:00,2.89037175789616
"613",24511,38,2015-09-12 04:23:00,2.77258872223978
"614",24512,38,2015-09-12 04:29:00,2.89037175789616
"615",24513,38,2015-09-12 04:36:00,2.89037175789616
"616",24514,38,2015-09-12 04:44:00,2.89037175789616
"617",24515,38,2015-09-12 04:51:00,2.89037175789616
"618",24516,38,2015-09-12 04:57:00,2.89037175789616
"619",24517,38,2015-09-12 05:00:00,2.89037175789616
"620",24518,38,2015-09-12 05:05:00,2.89037175789616
"621",24519,38,2015-09-12 05:10:00,2.63905732961526
"622",24520,38,2015-09-12 05:15:00,1.79175946922805
"623",24521,38,2015-09-12 07:25:00,2.77258872223978
"624",24522,38,2015-09-12 07:33:00,2.63905732961526
"625",24523,38,2015-09-12 07:41:00,2.63905732961526
"626",24524,38,2015-09-12 08:24:00,2.63905732961526
"627",24525,38,2015-09-12 08:30:00,2.77258872223978
"628",24526,38,2015-09-12 08:37:00,2.77258872223978
"629",24527,38,2015-09-12 08:44:00,2.89037175789616
"630",24528,38,2015-09-12 08:50:00,2.89037175789616
"631",24529,38,2015-09-12 08:57:00,2.89037175789616
"632",24530,38,2015-09-12 09:04:00,2.89037175789616
"633",24531,38,2015-09-12 09:10:00,2.89037175789616
"634",24532,38,2015-09-12 09:17:00,2.89037175789616
"635",24533,38,2015-09-12 09:23:00,2.89037175789616
"636",24534,38,2015-09-12 09:29:00,2.89037175789616
"637",24535,38,2015-09-12 09:35:00,2.89037175789616
"638",24536,38,2015-09-12 09:42:00,2.07944154167984
"639",24537,38,2015-09-12 09:46:00,2.89037175789616
"640",24538,38,2015-09-12 09:50:00,2.30258509299405
"641",24539,38,2015-09-12 09:55:00,2.89037175789616
"642",24540,38,2015-09-12 10:00:00,2.07944154167984
"643",24541,38,2015-09-12 10:05:00,1.79175946922805
"644",24542,38,2015-09-12 10:40:00,2.99573227355399
"645",24544,38,2015-09-12 10:47:00,2.99573227355399
"646",24545,38,2015-09-12 10:54:00,2.99573227355399
"647",24546,38,2015-09-12 11:01:00,2.99573227355399
"648",24547,38,2015-09-12 11:08:00,2.99573227355399
"649",24548,38,2015-09-12 11:16:00,2.99573227355399
"650",24549,38,2015-09-12 11:24:00,2.99573227355399
"651",24550,38,2015-09-12 11:31:00,2.99573227355399
"652",24551,38,2015-09-12 11:37:00,2.99573227355399
"653",24552,38,2015-09-12 11:45:00,2.99573227355399
"654",24553,38,2015-09-12 11:53:00,2.99573227355399
"655",24554,38,2015-09-12 12:01:00,2.99573227355399
"656",24555,38,2015-09-12 12:09:00,2.99573227355399
"657",24556,38,2015-09-12 12:16:00,2.99573227355399
"658",24557,38,2015-09-12 13:04:00,2.89037175789616
"659",24558,38,2015-09-12 13:09:00,2.89037175789616
"660",24559,38,2015-09-12 13:16:00,2.89037175789616
"661",24560,38,2015-09-12 13:59:00,2.77258872223978
"662",24561,38,2015-09-12 14:04:00,2.77258872223978
"663",24562,38,2015-09-12 14:11:00,2.77258872223978
"664",24563,38,2015-09-12 14:18:00,2.77258872223978
"665",24564,38,2015-09-12 14:24:00,2.77258872223978
"666",24565,38,2015-09-12 14:31:00,2.77258872223978
"667",24566,38,2015-09-12 14:56:00,2.63905732961526
"668",24567,38,2015-09-12 15:02:00,2.63905732961526
"669",24568,38,2015-09-12 15:10:00,2.63905732961526
"670",24569,38,2015-09-12 15:16:00,2.63905732961526
"671",24570,38,2015-09-12 15:23:00,2.484906649788
"672",24571,38,2015-09-12 15:29:00,2.484906649788
"673",24572,38,2015-09-12 15:36:00,2.484906649788
"674",24573,38,2015-09-12 15:43:00,2.484906649788
"675",24574,38,2015-09-12 15:49:00,2.484906649788
"676",24575,38,2015-09-12 16:29:00,2.63905732961526
"677",24576,38,2015-09-12 16:34:00,2.77258872223978
"678",24577,38,2015-09-12 16:40:00,2.77258872223978
"679",24578,38,2015-09-12 16:46:00,2.89037175789616
"680",24579,38,2015-09-12 16:52:00,2.89037175789616
"681",24580,38,2015-09-12 16:59:00,2.99573227355399
"682",24581,38,2015-09-12 17:05:00,2.99573227355399
"683",24582,38,2015-09-12 17:12:00,2.99573227355399
"684",24583,38,2015-09-12 17:18:00,3.09104245335832
"685",24584,38,2015-09-12 17:23:00,3.09104245335832
"686",24585,38,2015-09-12 17:30:00,3.09104245335832
"687",24586,38,2015-09-12 17:37:00,3.09104245335832
"688",24587,38,2015-09-12 18:03:00,3.09104245335832
"689",24588,38,2015-09-12 18:09:00,3.17805383034795
"690",24589,38,2015-09-12 18:16:00,2.30258509299405
"691",24590,38,2015-09-12 18:21:00,1.38629436111989
"692",24593,38,2015-09-12 19:04:00,3.17805383034795
"693",24594,38,2015-09-12 19:11:00,3.17805383034795
"694",24595,38,2015-09-12 19:18:00,3.25809653802148
"695",24596,38,2015-09-12 20:05:00,3.25809653802148
"696",24597,38,2015-09-12 20:11:00,3.25809653802148
"697",24598,38,2015-09-12 20:18:00,3.25809653802148
"698",24599,38,2015-09-12 20:25:00,3.3322045101752
"699",24600,38,2015-09-12 20:31:00,3.3322045101752
"700",24601,38,2015-09-12 20:38:00,3.3322045101752
"701",24602,38,2015-09-12 20:45:00,3.3322045101752
"702",24603,38,2015-09-12 20:51:00,3.3322045101752
"703",24604,38,2015-09-12 20:58:00,3.40119738166216
"704",24605,38,2015-09-12 21:23:00,3.40119738166216
"705",24606,38,2015-09-12 21:29:00,3.40119738166216
"706",24607,38,2015-09-12 21:36:00,3.49650756146648
"707",24608,38,2015-09-12 22:20:00,3.49650756146648
"708",24609,38,2015-09-12 22:27:00,3.49650756146648
"709",24610,38,2015-09-12 22:34:00,3.49650756146648
"710",24611,38,2015-09-12 22:41:00,3.49650756146648
"711",24612,38,2015-09-12 22:47:00,3.49650756146648
"712",24613,38,2015-09-12 22:54:00,3.49650756146648
"713",24614,38,2015-09-12 23:01:00,3.49650756146648
"714",24615,38,2015-09-12 23:07:00,3.49650756146648
"715",24616,38,2015-09-12 23:14:00,3.49650756146648
"716",24617,38,2015-09-13 01:38:00,3.49650756146648
"717",24618,38,2015-09-13 01:42:00,3.49650756146648
"718",24619,38,2015-09-13 03:36:00,3.49650756146648
"719",24620,38,2015-09-13 03:41:00,2.484906649788
"720",24621,38,2015-09-13 03:45:00,3.49650756146648
"721",24622,38,2015-09-13 04:23:00,2.07944154167984
"722",24623,38,2015-09-13 04:28:00,3.49650756146648
"723",24624,38,2015-09-13 04:36:00,3.49650756146648
"724",24625,38,2015-09-13 05:33:00,3.61091791264422
"725",24626,38,2015-09-13 05:40:00,3.61091791264422
"726",24627,38,2015-09-13 05:48:00,3.61091791264422
"727",24628,38,2015-09-13 06:18:00,3.61091791264422
"728",24629,38,2015-09-13 06:25:00,3.61091791264422
"729",24630,38,2015-09-13 06:32:00,3.61091791264422
"730",24631,38,2015-09-13 06:39:00,3.61091791264422
"731",24632,38,2015-09-13 06:46:00,3.61091791264422
"732",24633,38,2015-09-13 06:52:00,3.61091791264422
"733",24634,38,2015-09-13 06:59:00,3.61091791264422
"734",24635,38,2015-09-13 07:05:00,3.61091791264422
"735",24636,38,2015-09-13 07:12:00,3.61091791264422
"736",24637,38,2015-09-13 07:19:00,3.61091791264422
"737",24638,38,2015-09-13 07:25:00,3.61091791264422
"738",24639,38,2015-09-13 07:32:00,3.61091791264422
"739",24640,38,2015-09-13 07:39:00,3.61091791264422
"740",24641,38,2015-09-13 07:46:00,3.61091791264422
"741",24642,38,2015-09-13 07:52:00,3.61091791264422
"742",24643,38,2015-09-13 07:58:00,2.89037175789616
"743",24644,38,2015-09-13 08:01:00,2.89037175789616
"744",24645,38,2015-09-13 08:06:00,3.61091791264422
"745",24646,38,2015-09-13 08:12:00,3.61091791264422
"746",24647,38,2015-09-13 08:19:00,3.61091791264422
"747",24648,38,2015-09-13 08:26:00,3.61091791264422
"748",24649,38,2015-09-13 11:35:00,3.49650756146648
"749",24650,38,2015-09-13 11:42:00,3.49650756146648
"750",24653,38,2015-09-13 12:45:00,2.89037175789616
"751",24654,38,2015-09-13 12:51:00,2.77258872223978
"752",24655,38,2015-09-13 12:58:00,3.49650756146648
"753",24656,38,2015-09-13 13:05:00,3.49650756146648
"754",24657,38,2015-09-13 13:12:00,3.49650756146648
"755",24658,38,2015-09-13 13:20:00,3.49650756146648
"756",24659,38,2015-09-13 13:28:00,3.49650756146648
"757",24660,38,2015-09-13 14:00:00,3.49650756146648
"758",24661,38,2015-09-13 14:08:00,3.40119738166216
"759",24662,38,2015-09-13 14:15:00,3.40119738166216
"760",24663,38,2015-09-13 14:22:00,3.40119738166216
"761",24664,38,2015-09-13 14:30:00,3.40119738166216
"762",24665,38,2015-09-13 14:37:00,3.40119738166216
"763",24666,38,2015-09-13 14:44:00,3.40119738166216
"764",24667,38,2015-09-13 14:51:00,3.40119738166216
"765",24668,38,2015-09-13 14:58:00,3.40119738166216
"766",24669,38,2015-09-13 16:01:00,3.40119738166216
"767",24670,38,2015-09-13 16:07:00,3.40119738166216
"768",24671,38,2015-09-13 16:12:00,3.40119738166216
"769",24672,38,2015-09-13 16:18:00,3.40119738166216
"770",24673,38,2015-09-13 16:24:00,3.40119738166216
"771",24674,38,2015-09-13 16:29:00,3.40119738166216
"772",24675,38,2015-09-13 18:03:00,3.3322045101752
"773",24676,38,2015-09-13 18:08:00,3.3322045101752
"774",24677,38,2015-09-13 18:14:00,3.3322045101752
"775",24678,38,2015-09-13 19:27:00,3.3322045101752
"776",24679,38,2015-09-13 19:33:00,3.3322045101752
"777",24680,38,2015-09-13 19:39:00,3.3322045101752
"778",24681,38,2015-09-13 19:45:00,3.3322045101752
"779",24682,38,2015-09-13 19:50:00,3.3322045101752
"780",24683,38,2015-09-13 19:56:00,3.3322045101752
"781",24684,38,2015-09-13 20:02:00,3.3322045101752
"782",24685,38,2015-09-13 20:07:00,3.3322045101752
"783",24686,38,2015-09-13 20:13:00,3.3322045101752
"784",24687,38,2015-09-13 20:36:00,3.3322045101752
"785",24688,38,2015-09-13 20:42:00,3.3322045101752
"786",24689,38,2015-09-13 20:48:00,3.3322045101752
"787",24690,38,2015-09-13 20:53:00,3.3322045101752
"788",24691,38,2015-09-13 20:59:00,3.3322045101752
"789",24692,38,2015-09-13 21:05:00,3.3322045101752
"790",24693,38,2015-09-13 21:28:00,3.25809653802148
"791",24694,38,2015-09-13 21:33:00,3.25809653802148
"792",24695,38,2015-09-13 21:39:00,3.25809653802148
"793",24696,38,2015-09-13 21:45:00,3.25809653802148
"794",24697,38,2015-09-13 21:50:00,3.25809653802148
"795",24698,38,2015-09-13 21:56:00,3.25809653802148
"796",24699,38,2015-09-13 22:01:00,3.25809653802148
"797",24700,38,2015-09-13 22:07:00,3.25809653802148
"798",24701,38,2015-09-13 22:13:00,3.25809653802148
"799",24702,38,2015-09-13 22:18:00,3.25809653802148
"800",24703,38,2015-09-13 22:23:00,3.25809653802148
"801",24704,38,2015-09-13 22:29:00,3.25809653802148
"802",24705,38,2015-09-13 22:34:00,3.25809653802148
"803",24706,38,2015-09-13 22:40:00,3.17805383034795
"804",24707,38,2015-09-13 22:45:00,3.17805383034795
"805",24708,38,2015-09-13 22:51:00,3.17805383034795
"806",24709,38,2015-09-13 22:56:00,3.17805383034795
"807",24710,38,2015-09-13 23:02:00,3.17805383034795
"808",24711,38,2015-09-13 23:07:00,3.17805383034795
"809",24712,38,2015-09-13 23:13:00,3.17805383034795
"810",24713,38,2015-09-13 23:19:00,3.17805383034795
"811",24714,38,2015-09-13 23:40:00,3.17805383034795
"812",24715,38,2015-09-13 23:46:00,3.17805383034795
"813",24716,38,2015-09-13 23:52:00,3.17805383034795
"814",24717,38,2015-09-14 01:42:00,3.09104245335832
"815",24718,38,2015-09-14 01:48:00,3.09104245335832
"816",24719,38,2015-09-14 01:54:00,3.17805383034795
"817",24720,38,2015-09-14 02:34:00,3.17805383034795
"818",24721,38,2015-09-14 02:39:00,3.17805383034795
"819",24722,38,2015-09-14 02:45:00,3.17805383034795
"820",24723,38,2015-09-14 02:50:00,3.17805383034795
"821",24724,38,2015-09-14 02:56:00,3.17805383034795
"822",24725,38,2015-09-14 03:02:00,3.09104245335832
"823",24726,38,2015-09-14 03:08:00,3.09104245335832
"824",24727,38,2015-09-14 03:13:00,3.09104245335832
"825",24728,38,2015-09-14 03:19:00,2.99573227355399
"826",24729,38,2015-09-14 03:24:00,2.99573227355399
"827",24730,38,2015-09-14 03:30:00,2.89037175789616
"828",24731,38,2015-09-14 03:35:00,2.89037175789616
"829",24732,38,2015-09-14 03:40:00,2.89037175789616
"830",24733,38,2015-09-14 03:44:00,2.89037175789616
"831",24734,38,2015-09-14 03:50:00,2.89037175789616
"832",24735,38,2015-09-14 03:56:00,2.89037175789616
"833",24736,38,2015-09-14 04:00:00,2.89037175789616
"834",24737,38,2015-09-14 04:05:00,2.89037175789616
"835",24738,38,2015-09-14 04:24:00,3.09104245335832
"836",24739,38,2015-09-14 04:29:00,3.09104245335832
"837",24740,38,2015-09-14 04:35:00,3.09104245335832
"838",24741,38,2015-09-14 06:04:00,3.17805383034795
"839",24742,38,2015-09-14 06:11:00,3.17805383034795
"840",24743,38,2015-09-14 06:19:00,3.17805383034795
"841",24744,38,2015-09-14 06:28:00,3.17805383034795
"842",24745,38,2015-09-14 06:36:00,3.25809653802148
"843",24746,38,2015-09-14 06:42:00,3.17805383034795
"844",24747,38,2015-09-14 08:28:00,2.77258872223978
"845",24748,38,2015-09-14 08:33:00,2.99573227355399
"846",24749,38,2015-09-14 08:40:00,2.77258872223978
"847",24750,38,2015-09-14 08:45:00,2.99573227355399
"848",24751,38,2015-09-14 08:53:00,2.99573227355399
"849",24752,38,2015-09-14 09:01:00,2.63905732961526
"850",24753,38,2015-09-14 09:06:00,2.99573227355399
"851",24754,38,2015-09-14 09:11:00,3.09104245335832
"852",24755,38,2015-09-14 09:17:00,2.99573227355399
"853",24756,38,2015-09-14 09:40:00,3.17805383034795
"854",24757,38,2015-09-14 09:46:00,3.17805383034795
"855",24758,38,2015-09-14 09:54:00,2.99573227355399
"856",24759,38,2015-09-14 10:01:00,3.09104245335832
"857",24760,38,2015-09-14 10:06:00,3.09104245335832
"858",24761,38,2015-09-14 10:12:00,3.09104245335832
"859",24762,38,2015-09-14 10:17:00,3.09104245335832
"860",24763,38,2015-09-14 10:23:00,3.09104245335832
"861",24764,38,2015-09-14 10:29:00,3.17805383034795
"862",24765,38,2015-09-14 11:59:00,1.38629436111989
"863",24766,38,2015-09-14 12:04:00,3.17805383034795
"864",24767,38,2015-09-14 12:11:00,3.17805383034795
"865",24768,38,2015-09-14 12:17:00,3.17805383034795
"866",24771,38,2015-09-14 12:29:00,1.38629436111989
"867",24773,38,2015-09-14 12:33:00,3.17805383034795
"868",24774,38,2015-09-14 12:39:00,3.17805383034795
"869",24775,38,2015-09-14 12:42:00,1.38629436111989
"870",24776,38,2015-09-14 12:46:00,1.38629436111989
"871",24777,38,2015-09-14 12:51:00,2.07944154167984
"872",24778,38,2015-09-14 12:56:00,3.17805383034795
"873",24779,38,2015-09-14 13:03:00,3.17805383034795
"874",24780,38,2015-09-14 13:09:00,1.79175946922805
"875",24781,38,2015-09-14 13:14:00,1.79175946922805
"876",24782,38,2015-09-14 13:20:00,1.79175946922805
"877",24783,38,2015-09-14 13:26:00,2.07944154167984
"878",24784,38,2015-09-14 13:31:00,3.17805383034795
"879",24785,38,2015-09-14 13:38:00,3.17805383034795
"880",24786,38,2015-09-14 13:46:00,3.17805383034795
"881",24787,38,2015-09-14 13:53:00,3.17805383034795
"882",24788,38,2015-09-14 14:00:00,3.17805383034795
"883",24789,38,2015-09-14 14:08:00,3.17805383034795
"884",24790,38,2015-09-14 14:16:00,3.25809653802148
"885",24791,38,2015-09-14 14:24:00,3.25809653802148
"886",24792,38,2015-09-14 14:32:00,3.25809653802148
"887",24793,38,2015-09-14 14:40:00,3.25809653802148
"888",24794,38,2015-09-14 14:48:00,3.25809653802148
"889",24795,38,2015-09-14 14:56:00,3.25809653802148
"890",24796,38,2015-09-14 15:03:00,3.25809653802148
"891",24797,38,2015-09-14 15:11:00,3.25809653802148
"892",24798,38,2015-09-14 16:39:00,3.3322045101752
"893",24799,38,2015-09-14 16:45:00,3.3322045101752
"894",24800,38,2015-09-14 16:52:00,3.3322045101752
"895",24801,38,2015-09-14 19:34:00,3.40119738166216
"896",24802,38,2015-09-14 19:40:00,3.40119738166216
"897",24803,38,2015-09-14 19:46:00,3.40119738166216
"898",24804,38,2015-09-14 19:52:00,3.40119738166216
"899",24805,38,2015-09-14 19:58:00,3.40119738166216
"900",24806,38,2015-09-14 20:05:00,3.40119738166216
"901",24807,38,2015-09-14 20:11:00,3.40119738166216
"902",24808,38,2015-09-14 20:17:00,3.40119738166216
"903",24809,38,2015-09-14 20:24:00,3.40119738166216
"904",24810,38,2015-09-14 20:50:00,3.40119738166216
"905",24811,38,2015-09-14 20:57:00,3.40119738166216
"906",24812,38,2015-09-14 21:04:00,3.40119738166216
"907",24813,38,2015-09-14 21:30:00,3.40119738166216
"908",24814,38,2015-09-14 21:37:00,3.40119738166216
"909",24815,38,2015-09-14 21:43:00,3.40119738166216
"910",24816,38,2015-09-14 22:10:00,3.40119738166216
"911",24817,38,2015-09-14 22:16:00,3.40119738166216
"912",24818,38,2015-09-14 22:23:00,3.40119738166216
"913",24819,38,2015-09-14 22:29:00,3.40119738166216
"914",24820,38,2015-09-14 22:35:00,3.40119738166216
"915",24821,38,2015-09-14 22:42:00,3.3322045101752
"916",24822,38,2015-09-15 03:22:00,3.49650756146648
"917",24823,38,2015-09-15 03:27:00,3.49650756146648
"918",24824,38,2015-09-15 03:34:00,3.49650756146648
"919",24825,38,2015-09-15 04:17:00,3.49650756146648
"920",24826,38,2015-09-15 04:23:00,3.49650756146648
"921",24827,38,2015-09-15 04:29:00,3.49650756146648
"922",24828,38,2015-09-15 04:35:00,3.49650756146648
"923",24829,38,2015-09-15 04:42:00,3.49650756146648
"924",24830,38,2015-09-15 04:49:00,3.49650756146648
"925",24831,38,2015-09-15 05:13:00,3.49650756146648
"926",24832,38,2015-09-15 05:19:00,3.49650756146648
"927",24833,38,2015-09-15 05:26:00,3.49650756146648
"928",24834,38,2015-09-15 05:31:00,3.49650756146648
"929",24835,38,2015-09-15 05:37:00,2.63905732961526
"930",24836,38,2015-09-15 05:42:00,1.79175946922805
"931",24837,38,2015-09-15 06:10:00,1.79175946922805
"932",24838,38,2015-09-15 06:14:00,1.79175946922805
"933",24839,38,2015-09-15 06:18:00,1.38629436111989
"934",24840,38,2015-09-15 06:23:00,1.79175946922805
"935",24841,38,2015-09-15 06:27:00,1.79175946922805
"936",24842,38,2015-09-15 06:31:00,1.79175946922805
"937",24846,38,2015-09-15 08:41:00,2.30258509299405
"938",24847,38,2015-09-15 08:47:00,3.17805383034795
"939",24848,38,2015-09-15 08:52:00,3.61091791264422
"940",24849,38,2015-09-15 08:57:00,3.3322045101752
"941",24850,38,2015-09-15 09:02:00,3.25809653802148
"942",24851,38,2015-09-15 09:08:00,3.61091791264422
"943",24852,38,2015-09-15 09:25:00,2.30258509299405
"944",24855,38,2015-09-15 09:36:00,1.79175946922805
"945",24856,38,2015-09-15 09:38:00,1.38629436111989
"946",24857,38,2015-09-15 09:40:00,1.38629436111989
"947",24858,38,2015-09-15 13:21:00,3.61091791264422
"948",24859,38,2015-09-15 13:29:00,3.61091791264422
"949",24860,38,2015-09-15 13:37:00,3.61091791264422
"950",24861,38,2015-09-15 17:18:00,3.61091791264422
"951",24862,38,2015-09-15 17:24:00,3.61091791264422
"952",24863,38,2015-09-15 17:31:00,3.61091791264422
"953",24864,38,2015-09-15 17:57:00,3.61091791264422
"954",24865,38,2015-09-15 18:04:00,3.61091791264422
"955",24866,38,2015-09-15 18:10:00,3.61091791264422
"956",24867,38,2015-09-15 18:54:00,3.61091791264422
"957",24868,38,2015-09-15 19:00:00,3.61091791264422
"958",24869,38,2015-09-15 19:07:00,3.61091791264422
"959",24870,38,2015-09-15 19:14:00,3.61091791264422
"960",24871,38,2015-09-15 19:20:00,3.61091791264422
"961",24872,38,2015-09-15 19:26:00,3.61091791264422
"962",24873,38,2015-09-15 19:51:00,3.61091791264422
"963",24874,38,2015-09-15 19:57:00,3.61091791264422
"964",24875,38,2015-09-15 20:03:00,3.61091791264422
"965",24876,38,2015-09-15 22:11:00,3.61091791264422
"966",24877,38,2015-09-15 22:17:00,3.61091791264422
"967",24878,38,2015-09-15 22:23:00,3.61091791264422
"968",24879,38,2015-09-15 22:29:00,3.61091791264422
"969",24880,38,2015-09-15 22:34:00,3.61091791264422
"970",24881,38,2015-09-15 22:40:00,3.61091791264422
"971",24882,38,2015-09-15 23:03:00,3.61091791264422
"972",24883,38,2015-09-15 23:08:00,3.61091791264422
"973",24884,38,2015-09-15 23:14:00,3.61091791264422
"974",24885,38,2015-09-15 23:20:00,3.61091791264422
"975",24886,38,2015-09-15 23:26:00,3.61091791264422
"976",24887,38,2015-09-15 23:32:00,3.61091791264422
"977",24888,38,2015-09-15 23:38:00,3.61091791264422
"978",24889,38,2015-09-15 23:43:00,3.61091791264422
"979",24890,38,2015-09-15 23:49:00,3.61091791264422
"980",24891,38,2015-09-16 00:12:00,3.61091791264422
"981",24892,38,2015-09-16 00:18:00,3.61091791264422
"982",24893,38,2015-09-16 00:24:00,3.61091791264422
"983",24894,38,2015-09-16 01:22:00,3.61091791264422
"984",24895,38,2015-09-16 01:27:00,3.61091791264422
"985",24896,38,2015-09-16 01:33:00,3.61091791264422
"986",24897,38,2015-09-16 02:48:00,3.61091791264422
"987",24898,38,2015-09-16 02:53:00,3.61091791264422
"988",24899,38,2015-09-16 02:59:00,3.61091791264422
"989",24900,38,2015-09-16 03:21:00,3.61091791264422
"990",24901,38,2015-09-16 03:27:00,3.61091791264422
"991",24902,38,2015-09-16 03:33:00,3.61091791264422
"992",24903,38,2015-09-16 03:56:00,3.61091791264422
"993",24904,38,2015-09-16 04:02:00,3.61091791264422
"994",24905,38,2015-09-16 04:08:00,3.61091791264422
"995",24906,38,2015-09-16 04:48:00,3.61091791264422
"996",24907,38,2015-09-16 04:53:00,3.61091791264422
"997",24908,38,2015-09-16 04:59:00,3.61091791264422
"998",24909,38,2015-09-16 05:23:00,3.61091791264422
"999",24910,38,2015-09-16 05:28:00,3.61091791264422
"1000",24911,38,2015-09-16 05:35:00,3.71357206670431
"1001",24912,38,2015-09-16 05:41:00,3.71357206670431
"1002",24913,38,2015-09-16 05:46:00,3.71357206670431
"1003",24914,38,2015-09-16 05:53:00,3.71357206670431
"1004",24915,38,2015-09-16 06:16:00,3.71357206670431
"1005",24916,38,2015-09-16 06:21:00,3.71357206670431
"1006",24917,38,2015-09-16 06:27:00,1.38629436111989
"1007",24919,38,2015-09-16 06:33:00,3.71357206670431
"1008",24920,38,2015-09-16 06:39:00,3.71357206670431
"1009",24921,38,2015-09-16 08:14:00,2.07944154167984
"1010",24922,38,2015-09-16 08:59:00,1.38629436111989
"1011",24923,38,2015-09-16 09:01:00,2.99573227355399
"1012",24924,38,2015-09-16 09:04:00,3.71357206670431
"1013",24925,38,2015-09-16 11:58:00,3.71357206670431
"1014",24926,38,2015-09-16 12:05:00,3.71357206670431
"1015",24927,38,2015-09-16 12:14:00,3.71357206670431
"1016",24929,38,2015-09-16 12:23:00,2.07944154167984
"1017",24930,38,2015-09-16 12:27:00,2.30258509299405
"1018",24931,38,2015-09-16 12:31:00,1.38629436111989
"1019",24932,38,2015-09-16 12:35:00,1.38629436111989
"1020",24933,38,2015-09-16 12:40:00,1.79175946922805
"1021",24934,38,2015-09-16 12:45:00,2.30258509299405
"1022",24935,38,2015-09-16 12:50:00,3.49650756146648
"1023",24936,38,2015-09-16 12:57:00,2.07944154167984
"1024",24937,38,2015-09-16 13:03:00,2.07944154167984
"1025",24938,38,2015-09-16 13:09:00,3.71357206670431
"1026",24939,38,2015-09-16 13:18:00,3.71357206670431
"1027",24940,38,2015-09-16 13:27:00,3.71357206670431
"1028",24941,38,2015-09-16 13:36:00,3.71357206670431
"1029",24942,38,2015-09-16 13:45:00,3.71357206670431
"1030",24943,38,2015-09-16 15:54:00,3.71357206670431
"1031",24944,38,2015-09-16 16:00:00,3.71357206670431
"1032",24945,38,2015-09-16 16:07:00,3.71357206670431
"1033",24946,38,2015-09-16 16:55:00,3.71357206670431
"1034",24947,38,2015-09-16 17:02:00,3.71357206670431
"1035",24948,38,2015-09-16 17:07:00,1.79175946922805
"1036",24949,38,2015-09-16 18:33:00,3.71357206670431
"1037",24950,38,2015-09-16 18:39:00,3.80666248977032
"1038",24951,38,2015-09-16 18:45:00,3.71357206670431
"1039",24952,38,2015-09-16 19:59:00,3.71357206670431
"1040",24953,38,2015-09-16 20:05:00,3.71357206670431
"1041",24954,38,2015-09-16 20:11:00,3.71357206670431
"1042",24955,38,2015-09-16 20:17:00,3.71357206670431
"1043",24956,38,2015-09-16 20:22:00,3.80666248977032
"1044",24957,38,2015-09-16 20:28:00,3.80666248977032
"1045",24958,38,2015-09-16 21:24:00,3.80666248977032
"1046",24959,38,2015-09-16 21:29:00,3.80666248977032
"1047",24960,38,2015-09-16 21:35:00,3.80666248977032
"1048",24961,38,2015-09-16 21:41:00,3.80666248977032
"1049",24962,38,2015-09-16 21:46:00,3.80666248977032
"1050",24963,38,2015-09-16 21:52:00,3.80666248977032
"1051",24964,38,2015-09-17 01:55:00,3.80666248977032
"1052",24965,38,2015-09-17 02:01:00,3.80666248977032
"1053",24966,38,2015-09-17 02:07:00,3.80666248977032
"1054",24967,38,2015-09-17 03:37:00,3.80666248977032
"1055",24968,38,2015-09-17 03:43:00,3.80666248977032
"1056",24969,38,2015-09-17 03:49:00,3.80666248977032
"1057",24970,38,2015-09-17 05:39:00,3.80666248977032
"1058",24971,38,2015-09-17 05:44:00,3.80666248977032
"1059",24972,38,2015-09-17 05:50:00,3.80666248977032
"1060",24973,38,2015-09-17 05:56:00,3.80666248977032
"1061",24974,38,2015-09-17 06:02:00,3.80666248977032
"1062",24975,38,2015-09-17 06:08:00,3.80666248977032
"1063",24976,38,2015-09-17 11:01:00,3.80666248977032
"1064",24977,38,2015-09-17 11:11:00,3.80666248977032
"1065",24978,38,2015-09-17 11:21:00,3.80666248977032
"1066",24979,38,2015-09-17 11:30:00,3.80666248977032
"1067",24980,38,2015-09-17 11:40:00,3.80666248977032
"1068",24981,38,2015-09-17 11:48:00,1.79175946922805
"1069",24982,38,2015-09-17 11:51:00,3.80666248977032
"1070",24983,38,2015-09-17 11:59:00,3.80666248977032
"1071",24984,38,2015-09-17 12:08:00,3.80666248977032
"1072",24985,38,2015-09-17 13:56:00,3.80666248977032
"1073",24986,38,2015-09-17 14:04:00,3.80666248977032
"1074",24987,38,2015-09-17 14:13:00,3.80666248977032
"1075",24988,38,2015-09-17 14:21:00,3.80666248977032
"1076",24989,38,2015-09-17 14:30:00,3.80666248977032
"1077",24990,38,2015-09-17 14:38:00,3.80666248977032
"1078",24991,38,2015-09-17 18:16:00,3.80666248977032
"1079",24992,38,2015-09-17 18:21:00,3.80666248977032
"1080",24993,38,2015-09-17 18:27:00,3.80666248977032
"1081",24994,38,2015-09-17 18:50:00,3.80666248977032
"1082",24995,38,2015-09-17 18:56:00,3.80666248977032
"1083",24996,38,2015-09-17 19:02:00,3.80666248977032
"1084",24997,38,2015-09-17 20:18:00,3.80666248977032
"1085",24998,38,2015-09-17 20:24:00,3.80666248977032
"1086",24999,38,2015-09-17 20:29:00,3.80666248977032
"1087",25000,38,2015-09-18 00:38:00,3.80666248977032
"1088",25001,38,2015-09-18 00:44:00,3.80666248977032
"1089",25002,38,2015-09-18 00:50:00,3.80666248977032
"1090",25003,38,2015-09-18 00:56:00,3.80666248977032
"1091",25004,38,2015-09-18 01:02:00,3.80666248977032
"1092",25005,38,2015-09-18 01:08:00,3.80666248977032
"1093",25006,38,2015-09-18 03:14:00,3.80666248977032
"1094",25007,38,2015-09-18 03:20:00,3.80666248977032
"1095",25008,38,2015-09-18 03:26:00,3.80666248977032
"1096",25009,38,2015-09-18 03:49:00,3.80666248977032
"1097",25010,38,2015-09-18 03:55:00,3.80666248977032
"1098",25011,38,2015-09-18 04:01:00,3.80666248977032
"1099",25012,38,2015-09-18 06:02:00,3.80666248977032
"1100",25013,38,2015-09-18 06:07:00,3.80666248977032
"1101",25014,38,2015-09-18 06:14:00,3.80666248977032
"1102",25015,38,2015-09-18 06:36:00,3.80666248977032
"1103",25016,38,2015-09-18 10:35:00,1.79175946922805
"1104",25017,38,2015-09-18 10:43:00,2.77258872223978
"1105",25018,38,2015-09-18 11:25:00,1.38629436111989
"1106",25019,38,2015-09-18 11:26:00,3.89182029811063
"1107",25020,38,2015-09-18 11:34:00,3.89182029811063
"1108",25021,38,2015-09-18 12:11:00,3.80666248977032
"1109",25022,38,2015-09-18 12:18:00,3.89182029811063
"1110",25023,38,2015-09-18 12:26:00,3.89182029811063
"1111",25024,38,2015-09-18 15:47:00,3.89182029811063
"1112",25025,38,2015-09-18 15:54:00,3.89182029811063
"1113",25026,38,2015-09-18 16:00:00,3.89182029811063
"1114",25027,38,2015-09-18 16:27:00,3.89182029811063
"1115",25028,38,2015-09-18 16:34:00,3.89182029811063
"1116",25029,38,2015-09-18 16:40:00,3.89182029811063
"1117",25030,38,2015-09-18 18:41:00,3.89182029811063
"1118",25031,38,2015-09-18 18:47:00,3.89182029811063
"1119",25032,38,2015-09-18 18:53:00,3.89182029811063
"1120",25033,38,2015-09-18 18:59:00,3.89182029811063
"1121",25034,38,2015-09-18 19:05:00,3.89182029811063
"1122",25035,38,2015-09-18 19:11:00,3.89182029811063
"1123",25036,38,2015-09-18 20:27:00,3.89182029811063
"1124",25037,38,2015-09-18 20:33:00,3.89182029811063
"1125",25038,38,2015-09-18 20:39:00,3.89182029811063
"1126",25039,38,2015-09-18 21:19:00,3.89182029811063
"1127",25040,38,2015-09-18 21:25:00,3.89182029811063
"1128",25041,38,2015-09-18 21:31:00,3.89182029811063
"1129",25042,38,2015-09-18 21:37:00,3.89182029811063
"1130",25043,38,2015-09-18 21:43:00,3.89182029811063
"1131",25044,38,2015-09-18 21:49:00,3.89182029811063
"1132",25045,38,2015-09-18 21:55:00,3.89182029811063
"1133",25046,38,2015-09-18 22:01:00,3.89182029811063
"1134",25047,38,2015-09-18 22:07:00,3.89182029811063
"1135",25048,38,2015-09-18 22:46:00,3.89182029811063
"1136",25049,38,2015-09-18 22:52:00,3.89182029811063
"1137",25050,38,2015-09-18 22:58:00,3.89182029811063
"1138",25051,38,2015-09-18 23:40:00,3.89182029811063
"1139",25052,38,2015-09-18 23:46:00,3.89182029811063
"1140",25053,38,2015-09-18 23:52:00,3.89182029811063
"1141",25054,38,2015-09-18 23:58:00,3.89182029811063
"1142",25055,38,2015-09-19 00:04:00,3.89182029811063
"1143",25056,38,2015-09-19 00:10:00,3.89182029811063
"1144",25057,38,2015-09-19 02:01:00,3.89182029811063
"1145",25058,38,2015-09-19 02:07:00,3.89182029811063
"1146",25059,38,2015-09-19 02:13:00,3.89182029811063
"1147",25060,38,2015-09-19 02:18:00,3.89182029811063
"1148",25061,38,2015-09-19 02:23:00,3.89182029811063
"1149",25063,38,2015-09-19 02:29:00,3.89182029811063
"1150",25064,38,2015-09-19 02:34:00,3.89182029811063
"1151",25065,38,2015-09-19 02:40:00,3.89182029811063
"1152",25066,38,2015-09-19 03:35:00,3.89182029811063
"1153",25067,38,2015-09-19 03:40:00,3.89182029811063
"1154",25068,38,2015-09-19 03:46:00,3.89182029811063
"1155",25069,38,2015-09-19 03:51:00,3.89182029811063
"1156",25070,38,2015-09-19 03:57:00,3.89182029811063
"1157",25071,38,2015-09-19 04:02:00,3.89182029811063
"1158",25072,38,2015-09-19 04:23:00,3.89182029811063
"1159",25073,38,2015-09-19 04:29:00,3.89182029811063
"1160",25074,38,2015-09-19 04:35:00,3.89182029811063
"1161",25075,38,2015-09-19 11:13:00,3.89182029811063
"1162",25076,38,2015-09-19 11:22:00,3.89182029811063
"1163",25077,38,2015-09-19 11:31:00,3.89182029811063
"1164",25078,38,2015-09-19 13:03:00,3.89182029811063
"1165",25079,38,2015-09-19 13:12:00,3.89182029811063
"1166",25080,38,2015-09-19 13:21:00,3.89182029811063
"1167",25081,38,2015-09-19 13:29:00,3.89182029811063
"1168",25082,38,2015-09-19 13:37:00,3.89182029811063
"1169",25083,38,2015-09-19 13:45:00,3.89182029811063
"1170",25084,38,2015-09-19 13:52:00,3.89182029811063
"1171",25085,38,2015-09-19 14:00:00,3.89182029811063
"1172",25086,38,2015-09-19 14:08:00,3.89182029811063
"1173",25087,38,2015-09-19 17:05:00,3.89182029811063
"1174",25088,38,2015-09-19 17:11:00,2.484906649788
"1175",25089,38,2015-09-19 17:13:00,3.89182029811063
"1176",25090,38,2015-09-19 17:19:00,3.89182029811063
"1177",25091,38,2015-09-19 17:25:00,3.89182029811063
"1178",25092,38,2015-09-19 17:31:00,3.89182029811063
"1179",25093,38,2015-09-19 18:56:00,3.89182029811063
"1180",25094,38,2015-09-19 19:02:00,3.89182029811063
"1181",25095,38,2015-09-19 19:08:00,3.89182029811063
"1182",25096,38,2015-09-19 19:49:00,3.89182029811063
"1183",25097,38,2015-09-19 19:55:00,3.89182029811063
"1184",25098,38,2015-09-19 20:01:00,3.89182029811063
"1185",25099,38,2015-09-19 20:59:00,3.89182029811063
"1186",25100,38,2015-09-19 21:05:00,3.89182029811063
"1187",25101,38,2015-09-19 21:11:00,3.89182029811063
"1188",25102,38,2015-09-19 21:52:00,3.89182029811063
"1189",25103,38,2015-09-19 21:58:00,3.89182029811063
"1190",25104,38,2015-09-19 22:03:00,3.89182029811063
"1191",25105,38,2015-09-19 22:09:00,3.89182029811063
"1192",25106,38,2015-09-19 22:15:00,3.89182029811063
"1193",25107,38,2015-09-19 22:21:00,3.89182029811063
"1194",25108,38,2015-09-19 23:16:00,3.89182029811063
"1195",25109,38,2015-09-19 23:21:00,3.89182029811063
"1196",25110,38,2015-09-19 23:27:00,3.89182029811063
"1197",25111,38,2015-09-19 23:33:00,3.89182029811063
"1198",25112,38,2015-09-19 23:38:00,3.89182029811063
"1199",25113,38,2015-09-19 23:44:00,3.89182029811063
"1200",25114,38,2015-09-19 23:49:00,3.89182029811063
"1201",25115,38,2015-09-19 23:55:00,3.89182029811063
"1202",25116,38,2015-09-20 00:00:00,3.89182029811063
"1203",25117,38,2015-09-20 00:06:00,3.89182029811063
"1204",25118,38,2015-09-20 00:11:00,3.89182029811063
"1205",25119,38,2015-09-20 00:17:00,3.89182029811063
"1206",25120,38,2015-09-20 00:23:00,3.89182029811063
"1207",25121,38,2015-09-20 00:28:00,3.89182029811063
"1208",25122,38,2015-09-20 00:34:00,3.89182029811063
"1209",25123,38,2015-09-20 01:12:00,3.89182029811063
"1210",25124,38,2015-09-20 01:18:00,3.89182029811063
"1211",25125,38,2015-09-20 01:23:00,3.89182029811063
"1212",25126,38,2015-09-20 01:29:00,3.89182029811063
"1213",25127,38,2015-09-20 01:34:00,3.89182029811063
"1214",25128,38,2015-09-20 01:40:00,3.89182029811063
"1215",25129,38,2015-09-20 01:46:00,3.89182029811063
"1216",25130,38,2015-09-20 01:51:00,3.89182029811063
"1217",25131,38,2015-09-20 01:57:00,3.89182029811063
"1218",25132,38,2015-09-20 02:14:00,3.89182029811063
"1219",25133,38,2015-09-20 02:20:00,3.89182029811063
"1220",25134,38,2015-09-20 02:30:00,4.87519732320115
"1221",25135,38,2015-09-20 02:53:00,3.89182029811063
"1222",25136,38,2015-09-20 02:58:00,3.89182029811063
"1223",25137,38,2015-09-20 03:04:00,3.89182029811063
"1224",25138,38,2015-09-20 03:09:00,3.89182029811063
"1225",25139,38,2015-09-20 03:14:00,3.89182029811063
"1226",25140,38,2015-09-20 03:20:00,3.89182029811063
"1227",25141,38,2015-09-20 03:43:00,3.89182029811063
"1228",25142,38,2015-09-20 03:48:00,3.89182029811063
"1229",25143,38,2015-09-20 03:53:00,3.89182029811063
"1230",25144,38,2015-09-20 05:37:00,3.89182029811063
"1231",25146,38,2015-09-20 05:44:00,1.38629436111989
"1232",25147,38,2015-09-20 06:20:00,3.89182029811063
"1233",25148,38,2015-09-20 06:25:00,3.89182029811063
"1234",25149,38,2015-09-20 07:10:00,3.89182029811063
"1235",25150,38,2015-09-20 07:15:00,3.89182029811063
"1236",25151,38,2015-09-20 07:21:00,3.89182029811063
"1237",25152,38,2015-09-20 07:27:00,3.89182029811063
"1238",25153,38,2015-09-20 07:33:00,3.89182029811063
"1239",25154,38,2015-09-20 07:40:00,3.89182029811063
"1240",25155,38,2015-09-20 07:46:00,3.89182029811063
"1241",25156,38,2015-09-20 07:52:00,3.89182029811063
"1242",25157,38,2015-09-20 07:59:00,3.89182029811063
"1243",25158,38,2015-09-20 08:05:00,3.89182029811063
"1244",25160,38,2015-09-20 08:14:00,3.89182029811063
"1245",25162,38,2015-09-20 10:31:00,3.89182029811063
"1246",25163,38,2015-09-20 10:40:00,3.89182029811063
"1247",25164,38,2015-09-20 10:49:00,3.89182029811063
"1248",25165,38,2015-09-20 10:58:00,3.89182029811063
"1249",25166,38,2015-09-20 11:07:00,3.89182029811063
"1250",25167,38,2015-09-20 11:16:00,3.89182029811063
"1251",25168,38,2015-09-20 11:24:00,3.89182029811063
"1252",25169,38,2015-09-20 11:34:00,3.89182029811063
"1253",25170,38,2015-09-20 11:42:00,3.89182029811063
"1254",25171,38,2015-09-20 14:08:00,3.80666248977032
"1255",25172,38,2015-09-20 14:15:00,3.80666248977032
"1256",25173,38,2015-09-20 14:22:00,3.80666248977032
"1257",25174,38,2015-09-20 14:29:00,3.80666248977032
"1258",25175,38,2015-09-20 14:36:00,1.79175946922805
"1259",25176,38,2015-09-20 14:39:00,2.30258509299405
"1260",25178,38,2015-09-20 14:41:00,3.80666248977032
"1261",25179,38,2015-09-20 14:49:00,3.80666248977032
"1262",25180,38,2015-09-20 14:56:00,3.80666248977032
"1263",25183,38,2015-09-20 15:14:00,3.80666248977032
"1264",25184,38,2015-09-20 15:21:00,3.80666248977032
"1265",25185,38,2015-09-20 15:28:00,3.80666248977032
"1266",25186,38,2015-09-20 16:34:00,3.80666248977032
"1267",25187,38,2015-09-20 16:41:00,3.80666248977032
"1268",25188,38,2015-09-20 16:47:00,3.80666248977032
"1269",25189,38,2015-09-20 16:53:00,3.80666248977032
"1270",25190,38,2015-09-20 17:00:00,3.80666248977032
"1271",25191,38,2015-09-20 17:06:00,3.80666248977032
"1272",25192,38,2015-09-20 17:32:00,3.80666248977032
"1273",25193,38,2015-09-20 17:38:00,3.80666248977032
"1274",25194,38,2015-09-20 17:44:00,3.80666248977032
"1275",25195,38,2015-09-20 19:57:00,3.80666248977032
"1276",25196,38,2015-09-20 20:03:00,3.80666248977032
"1277",25197,38,2015-09-20 20:09:00,3.80666248977032
"1278",25198,38,2015-09-20 20:15:00,3.80666248977032
"1279",25199,38,2015-09-20 20:21:00,3.80666248977032
"1280",25200,38,2015-09-20 20:27:00,3.80666248977032
"1281",25201,38,2015-09-20 20:32:00,3.80666248977032
"1282",25202,38,2015-09-20 20:38:00,3.80666248977032
"1283",25203,38,2015-09-20 20:44:00,3.80666248977032
"1284",25204,38,2015-09-20 21:24:00,3.89182029811063
"1285",25205,38,2015-09-20 21:30:00,3.89182029811063
"1286",25206,38,2015-09-20 21:35:00,3.89182029811063
"1287",25207,38,2015-09-20 22:48:00,3.89182029811063
"1288",25208,38,2015-09-20 22:53:00,3.89182029811063
"1289",25209,38,2015-09-20 22:58:00,3.89182029811063
"1290",25210,38,2015-09-20 23:04:00,3.89182029811063
"1291",25211,38,2015-09-20 23:09:00,3.89182029811063
"1292",25212,38,2015-09-20 23:15:00,3.89182029811063
"1293",25213,38,2015-09-20 23:21:00,3.89182029811063
"1294",25214,38,2015-09-20 23:26:00,3.89182029811063
"1295",25215,38,2015-09-20 23:31:00,3.89182029811063
"1296",25216,38,2015-09-20 23:36:00,3.89182029811063
"1297",25217,38,2015-09-20 23:41:00,3.89182029811063
"1298",25218,38,2015-09-20 23:47:00,3.89182029811063
"1299",25219,38,2015-09-20 23:53:00,3.89182029811063
"1300",25220,38,2015-09-20 23:58:00,3.89182029811063
"1301",25221,38,2015-09-21 00:03:00,3.89182029811063
"1302",25222,38,2015-09-21 00:59:00,3.89182029811063
"1303",25223,38,2015-09-21 01:04:00,3.89182029811063
"1304",25224,38,2015-09-21 01:10:00,3.89182029811063
"1305",25225,38,2015-09-21 01:31:00,3.89182029811063
"1306",25226,38,2015-09-21 01:36:00,3.89182029811063
"1307",25227,38,2015-09-21 01:42:00,3.89182029811063
"1308",25228,38,2015-09-21 01:47:00,3.89182029811063
"1309",25229,38,2015-09-21 01:52:00,3.89182029811063
"1310",25230,38,2015-09-21 01:58:00,3.89182029811063
"1311",25231,38,2015-09-21 02:03:00,3.89182029811063
"1312",25232,38,2015-09-21 02:08:00,3.89182029811063
"1313",25233,38,2015-09-21 02:14:00,3.89182029811063
"1314",25234,38,2015-09-21 04:31:00,3.89182029811063
"1315",25235,38,2015-09-21 04:36:00,3.89182029811063
"1316",25236,38,2015-09-21 04:39:00,3.89182029811063
"1317",25243,38,2015-09-21 05:43:00,3.89182029811063
"1318",25244,38,2015-09-21 05:47:00,3.89182029811063
"1319",25245,38,2015-09-21 05:51:00,3.89182029811063
"1320",25246,38,2015-09-21 06:12:00,3.89182029811063
"1321",25247,38,2015-09-21 06:17:00,3.89182029811063
"1322",25248,38,2015-09-21 06:23:00,3.89182029811063
"1323",25249,38,2015-09-21 06:45:00,3.89182029811063
"1324",25251,38,2015-09-21 06:51:00,3.89182029811063
"1325",25252,38,2015-09-21 09:33:00,3.89182029811063
"1326",25253,38,2015-09-21 09:41:00,3.89182029811063
"1327",25254,38,2015-09-21 09:50:00,3.89182029811063
"1328",25255,38,2015-09-21 10:46:00,3.89182029811063
"1329",25256,38,2015-09-21 10:54:00,3.89182029811063
"1330",25257,38,2015-09-21 11:02:00,3.89182029811063
"1331",25258,38,2015-09-21 11:10:00,3.89182029811063
"1332",25259,38,2015-09-21 11:18:00,3.89182029811063
"1333",25260,38,2015-09-21 11:26:00,3.89182029811063
"1334",25261,38,2015-09-21 17:51:00,3.89182029811063
"1335",25262,38,2015-09-21 17:57:00,3.97029191355212
"1336",25263,38,2015-09-21 18:03:00,3.97029191355212
"1337",25264,38,2015-09-21 19:01:00,3.97029191355212
"1338",25265,38,2015-09-21 19:06:00,3.97029191355212
"1339",25266,38,2015-09-21 19:12:00,3.97029191355212
"1340",25267,38,2015-09-21 20:59:00,3.97029191355212
"1341",25268,38,2015-09-21 21:04:00,3.97029191355212
"1342",25269,38,2015-09-21 21:10:00,3.97029191355212
"1343",25270,38,2015-09-21 21:15:00,3.97029191355212
"1344",25271,38,2015-09-21 21:21:00,3.97029191355212
"1345",25272,38,2015-09-21 21:26:00,3.97029191355212
"1346",25273,38,2015-09-21 21:31:00,3.97029191355212
"1347",25274,38,2015-09-21 21:37:00,3.97029191355212
"1348",25275,38,2015-09-21 21:42:00,3.97029191355212
"1349",25276,38,2015-09-21 21:47:00,3.97029191355212
"1350",25277,38,2015-09-21 21:53:00,3.97029191355212
"1351",25278,38,2015-09-21 21:58:00,3.97029191355212
"1352",25279,38,2015-09-21 22:37:00,3.97029191355212
"1353",25280,38,2015-09-21 22:43:00,3.97029191355212
"1354",25281,38,2015-09-21 22:49:00,3.97029191355212
"1355",25282,38,2015-09-22 02:20:00,3.89182029811063
"1356",25283,38,2015-09-22 02:26:00,3.89182029811063
"1357",25284,38,2015-09-22 02:31:00,3.89182029811063
"1358",25285,38,2015-09-22 03:09:00,3.97029191355212
"1359",25286,38,2015-09-22 03:14:00,3.89182029811063
"1360",25287,38,2015-09-22 03:19:00,3.97029191355212
"1361",25288,38,2015-09-22 03:25:00,3.89182029811063
"1362",25289,38,2015-09-22 03:30:00,3.89182029811063
"1363",25290,38,2015-09-22 03:36:00,3.89182029811063
"1364",25291,38,2015-09-22 03:58:00,3.89182029811063
"1365",25292,38,2015-09-22 04:04:00,3.89182029811063
"1366",25293,38,2015-09-22 04:09:00,3.89182029811063
"1367",25294,38,2015-09-22 04:15:00,3.89182029811063
"1368",25295,38,2015-09-22 04:21:00,3.89182029811063
"1369",25296,38,2015-09-22 04:26:00,3.89182029811063
"1370",25297,38,2015-09-22 04:48:00,3.89182029811063
"1371",25298,38,2015-09-22 04:54:00,3.89182029811063
"1372",25299,38,2015-09-22 04:59:00,3.89182029811063
"1373",25300,38,2015-09-22 05:05:00,3.89182029811063
"1374",25301,38,2015-09-22 05:10:00,3.89182029811063
"1375",25302,38,2015-09-22 05:16:00,3.89182029811063
"1376",25303,38,2015-09-22 05:22:00,3.89182029811063
"1377",25304,38,2015-09-22 05:28:00,3.89182029811063
"1378",25305,38,2015-09-22 05:33:00,3.97029191355212
"1379",25306,38,2015-09-22 12:36:00,3.89182029811063
"1380",25307,38,2015-09-22 12:42:00,3.89182029811063
"1381",25308,38,2015-09-22 12:50:00,3.89182029811063
"1382",25309,38,2015-09-22 12:59:00,3.89182029811063
"1383",25310,38,2015-09-22 13:07:00,3.89182029811063
"1384",25311,38,2015-09-22 13:15:00,3.89182029811063
"1385",25312,38,2015-09-22 15:25:00,3.89182029811063
"1386",25313,38,2015-09-22 15:32:00,3.89182029811063
"1387",25314,38,2015-09-22 15:39:00,3.89182029811063
"1388",25315,38,2015-09-22 15:47:00,3.89182029811063
"1389",25316,38,2015-09-22 15:54:00,3.89182029811063
"1390",25317,38,2015-09-22 16:01:00,3.89182029811063
"1391",25318,38,2015-09-22 16:08:00,3.89182029811063
"1392",25319,38,2015-09-22 16:16:00,3.89182029811063
"1393",25320,38,2015-09-22 16:23:00,3.89182029811063
"1394",25321,38,2015-09-22 16:51:00,3.89182029811063
"1395",25322,38,2015-09-22 16:57:00,3.89182029811063
"1396",25323,38,2015-09-22 17:03:00,3.89182029811063
"1397",25324,38,2015-09-22 22:34:00,3.89182029811063
"1398",25325,38,2015-09-22 22:38:00,3.89182029811063
"1399",25326,38,2015-09-22 22:45:00,3.89182029811063
"1400",25327,38,2015-09-23 09:07:00,3.89182029811063
"1401",25328,38,2015-09-23 09:14:00,3.89182029811063
"1402",25329,38,2015-09-23 09:21:00,3.89182029811063
"1403",25330,38,2015-09-23 09:28:00,3.89182029811063
"1404",25331,38,2015-09-23 09:35:00,3.89182029811063
"1405",25332,38,2015-09-23 09:42:00,3.89182029811063
"1406",25333,38,2015-09-23 14:46:00,3.89182029811063
"1407",25334,38,2015-09-23 14:54:00,3.89182029811063
"1408",25335,38,2015-09-23 15:03:00,3.89182029811063
"1409",25336,38,2015-09-23 15:12:00,3.89182029811063
"1410",25337,38,2015-09-23 15:21:00,3.89182029811063
"1411",25338,38,2015-09-23 15:29:00,3.89182029811063
"1412",25339,38,2015-09-23 18:15:00,3.89182029811063
"1413",25340,38,2015-09-23 18:21:00,3.89182029811063
"1414",25341,38,2015-09-23 18:27:00,3.89182029811063
"1415",25342,38,2015-09-23 19:08:00,3.89182029811063
"1416",25343,38,2015-09-23 19:13:00,3.89182029811063
"1417",25344,38,2015-09-23 19:19:00,3.89182029811063
"1418",25345,38,2015-09-23 19:26:00,3.89182029811063
"1419",25346,38,2015-09-23 19:31:00,3.89182029811063
"1420",25347,38,2015-09-23 19:37:00,3.89182029811063
"1421",25348,38,2015-09-23 19:43:00,3.89182029811063
"1422",25349,38,2015-09-23 19:49:00,3.89182029811063
"1423",25350,38,2015-09-23 19:55:00,3.89182029811063
"1424",25351,38,2015-09-23 20:34:00,3.89182029811063
"1425",25352,38,2015-09-23 20:40:00,3.89182029811063
"1426",25353,38,2015-09-23 20:45:00,3.89182029811063
"1427",25354,38,2015-09-23 23:05:00,3.89182029811063
"1428",25355,38,2015-09-23 23:10:00,3.89182029811063
"1429",25356,38,2015-09-23 23:16:00,3.89182029811063
"1430",25357,38,2015-09-23 23:38:00,3.89182029811063
"1431",25358,38,2015-09-23 23:44:00,3.89182029811063
"1432",25359,38,2015-09-23 23:50:00,3.89182029811063
"1433",25360,38,2015-09-24 00:13:00,3.89182029811063
"1434",25361,38,2015-09-24 00:19:00,3.89182029811063
"1435",25362,38,2015-09-24 00:25:00,3.89182029811063
"1436",25363,38,2015-09-24 00:31:00,3.89182029811063
"1437",25364,38,2015-09-24 00:37:00,3.89182029811063
"1438",25365,38,2015-09-24 00:43:00,3.89182029811063
"1439",25367,38,2015-09-24 04:15:00,3.89182029811063
"1440",25368,38,2015-09-24 04:20:00,3.89182029811063
"1441",25369,38,2015-09-24 04:44:00,3.89182029811063
"1442",25370,38,2015-09-24 04:50:00,3.89182029811063
"1443",25371,38,2015-09-24 04:56:00,3.89182029811063
"1444",25372,38,2015-09-24 05:21:00,3.89182029811063
"1445",25373,38,2015-09-24 05:27:00,3.97029191355212
"1446",25374,38,2015-09-24 05:34:00,3.97029191355212
"1447",25375,38,2015-09-24 05:40:00,3.97029191355212
"1448",25376,38,2015-09-24 05:45:00,3.97029191355212
"1449",25377,38,2015-09-24 05:51:00,3.97029191355212
"1450",25378,38,2015-09-24 05:57:00,3.97029191355212
"1451",25379,38,2015-09-24 06:02:00,3.97029191355212
"1452",25380,38,2015-09-24 06:08:00,3.97029191355212
"1453",25381,38,2015-09-24 06:31:00,3.97029191355212
"1454",25382,38,2015-09-24 06:37:00,3.97029191355212
"1455",25383,38,2015-09-24 06:44:00,3.97029191355212
"1456",25384,38,2015-09-24 08:06:00,3.89182029811063
"1457",25385,38,2015-09-24 08:13:00,3.89182029811063
"1458",25386,38,2015-09-24 08:20:00,3.89182029811063
"1459",25387,38,2015-09-24 08:38:00,3.80666248977032
"1460",25388,38,2015-09-24 08:43:00,3.49650756146648
"1461",25389,38,2015-09-24 08:48:00,3.3322045101752
"1462",25390,38,2015-09-24 10:07:00,3.89182029811063
"1463",25391,38,2015-09-24 10:13:00,3.89182029811063
"1464",25392,38,2015-09-24 10:20:00,3.89182029811063
"1465",25393,38,2015-09-24 12:52:00,3.89182029811063
"1466",25394,38,2015-09-24 12:59:00,3.97029191355212
"1467",25395,38,2015-09-24 13:06:00,3.97029191355212
"1468",25396,38,2015-09-24 13:36:00,3.89182029811063
"1469",25397,38,2015-09-24 13:43:00,3.97029191355212
"1470",25398,38,2015-09-24 13:52:00,3.97029191355212
"1471",25399,38,2015-09-24 14:49:00,3.97029191355212
"1472",25400,38,2015-09-24 14:57:00,3.97029191355212
"1473",25401,38,2015-09-24 15:05:00,3.97029191355212
"1474",25402,38,2015-09-24 18:23:00,3.89182029811063
"1475",25403,38,2015-09-24 18:29:00,3.89182029811063
"1476",25404,38,2015-09-24 18:36:00,3.89182029811063
"1477",25405,38,2015-09-24 20:38:00,3.97029191355212
"1478",25406,38,2015-09-24 20:45:00,3.97029191355212
"1479",25407,38,2015-09-24 20:51:00,3.97029191355212
"1480",25408,38,2015-09-24 23:52:00,3.89182029811063
"1481",25409,38,2015-09-24 23:57:00,3.89182029811063
"1482",25410,38,2015-09-25 00:03:00,3.89182029811063
"1483",25411,38,2015-09-25 02:02:00,3.89182029811063
"1484",25412,38,2015-09-25 02:09:00,3.89182029811063
"1485",25413,38,2015-09-25 02:16:00,3.89182029811063
"1486",25414,38,2015-09-25 02:22:00,3.89182029811063
"1487",25415,38,2015-09-25 02:28:00,3.89182029811063
"1488",25416,38,2015-09-25 02:35:00,3.89182029811063
"1489",25417,38,2015-09-25 03:00:00,3.89182029811063
"1490",25418,38,2015-09-25 03:07:00,3.89182029811063
"1491",25419,38,2015-09-25 03:13:00,3.89182029811063
"1492",25420,38,2015-09-25 03:58:00,3.89182029811063
"1493",25421,38,2015-09-25 04:04:00,3.89182029811063
"1494",25422,38,2015-09-25 04:11:00,3.89182029811063
"1495",25423,38,2015-09-25 04:17:00,3.89182029811063
"1496",25424,38,2015-09-25 04:24:00,3.89182029811063
"1497",25425,38,2015-09-25 04:31:00,3.89182029811063
"1498",25426,38,2015-09-25 04:38:00,3.89182029811063
"1499",25427,38,2015-09-25 04:44:00,3.89182029811063
"1500",25428,38,2015-09-25 04:51:00,3.89182029811063
"1501",25429,38,2015-09-25 05:17:00,3.89182029811063
"1502",25430,38,2015-09-25 05:23:00,3.80666248977032
"1503",25431,38,2015-09-25 05:30:00,3.80666248977032
"1504",25432,38,2015-09-25 07:39:00,2.89037175789616
"1505",25433,38,2015-09-25 07:43:00,3.80666248977032
"1506",25434,38,2015-09-25 07:50:00,3.80666248977032
"1507",25435,38,2015-09-25 07:56:00,3.80666248977032
"1508",25436,38,2015-09-25 08:05:00,3.80666248977032
"1509",25437,38,2015-09-25 08:12:00,3.80666248977032
"1510",25438,38,2015-09-25 12:23:00,3.71357206670431
"1511",25439,38,2015-09-25 12:31:00,1.79175946922805
"1512",25440,38,2015-09-25 12:32:00,3.71357206670431
"1513",25441,38,2015-09-25 12:50:00,3.61091791264422
"1514",25442,38,2015-09-25 12:56:00,3.71357206670431
"1515",25443,38,2015-09-25 13:03:00,3.71357206670431
"1516",25444,38,2015-09-25 13:33:00,3.61091791264422
"1517",25445,38,2015-09-25 13:41:00,3.61091791264422
"1518",25446,38,2015-09-25 13:49:00,3.61091791264422
"1519",25447,38,2015-09-25 15:01:00,3.61091791264422
"1520",25448,38,2015-09-25 15:08:00,3.61091791264422
"1521",25449,38,2015-09-25 15:15:00,3.61091791264422
"1522",25450,38,2015-09-25 16:07:00,3.61091791264422
"1523",25451,38,2015-09-25 16:15:00,3.61091791264422
"1524",25452,38,2015-09-25 16:23:00,3.61091791264422
"1525",25453,38,2015-09-25 16:30:00,3.49650756146648
"1526",25454,38,2015-09-25 16:38:00,3.61091791264422
"1527",25455,38,2015-09-25 16:45:00,3.49650756146648
"1528",25456,38,2015-09-25 16:52:00,3.49650756146648
"1529",25457,38,2015-09-25 17:00:00,3.49650756146648
"1530",25458,38,2015-09-25 17:07:00,3.49650756146648
"1531",25459,38,2015-09-25 17:36:00,3.49650756146648
"1532",25460,38,2015-09-25 17:43:00,3.61091791264422
"1533",25461,38,2015-09-25 17:49:00,3.61091791264422
"1534",25462,38,2015-09-25 20:39:00,3.49650756146648
"1535",25463,38,2015-09-25 20:44:00,3.49650756146648
"1536",25464,38,2015-09-25 20:50:00,3.49650756146648
"1537",25465,38,2015-09-25 21:45:00,3.49650756146648
"1538",25466,38,2015-09-25 21:50:00,3.49650756146648
"1539",25467,38,2015-09-25 21:55:00,3.49650756146648
"1540",25468,38,2015-09-25 23:46:00,3.49650756146648
"1541",25469,38,2015-09-25 23:51:00,3.49650756146648
"1542",25470,38,2015-09-25 23:56:00,3.49650756146648
"1543",25471,38,2015-09-26 00:30:00,3.49650756146648
"1544",25472,38,2015-09-26 00:34:00,3.49650756146648
"1545",25473,38,2015-09-26 00:39:00,3.49650756146648
"1546",25475,38,2015-09-26 02:30:00,3.49650756146648
"1547",25476,38,2015-09-26 02:35:00,3.49650756146648
"1548",25477,38,2015-09-26 02:41:00,3.49650756146648
"1549",25478,38,2015-09-26 02:48:00,3.49650756146648
"1550",25479,38,2015-09-26 02:54:00,3.49650756146648
"1551",25480,38,2015-09-26 02:59:00,1.79175946922805
"1552",25481,38,2015-09-26 03:04:00,2.30258509299405
"1553",25482,38,2015-09-26 03:09:00,2.07944154167984
"1554",25483,38,2015-09-26 04:09:00,3.3322045101752
"1555",25484,38,2015-09-26 04:13:00,3.3322045101752
"1556",25485,38,2015-09-26 04:19:00,2.77258872223978
"1557",25486,38,2015-09-26 04:50:00,2.484906649788
"1558",25487,38,2015-09-26 04:52:00,2.30258509299405
"1559",25488,38,2015-09-26 04:54:00,2.30258509299405
"1560",25489,38,2015-09-26 05:06:00,2.30258509299405
"1561",25490,38,2015-09-26 05:08:00,2.484906649788
"1562",25491,38,2015-09-26 05:10:00,2.77258872223978
"1563",25492,38,2015-09-26 05:13:00,3.17805383034795
"1564",25493,38,2015-09-26 05:18:00,3.25809653802148
"1565",25494,38,2015-09-26 05:22:00,3.25809653802148
"1566",25495,38,2015-09-26 05:29:00,3.25809653802148
"1567",25496,38,2015-09-26 05:35:00,3.3322045101752
"1568",25497,38,2015-09-26 05:41:00,3.3322045101752
"1569",25498,38,2015-09-26 05:50:00,2.07944154167984
"1570",25499,38,2015-09-26 05:52:00,3.3322045101752
"1571",25500,38,2015-09-26 05:56:00,3.3322045101752
"1572",25501,38,2015-09-26 06:01:00,3.3322045101752
"1573",25502,38,2015-09-26 06:07:00,3.09104245335832
"1574",25503,38,2015-09-26 06:13:00,3.40119738166216
"1575",25504,38,2015-09-26 07:05:00,1.38629436111989
"1576",25505,38,2015-09-26 07:06:00,2.07944154167984
"1577",25506,38,2015-09-26 07:08:00,1.79175946922805
"1578",25507,38,2015-09-26 07:45:00,3.40119738166216
"1579",25508,38,2015-09-26 08:52:00,2.30258509299405
"1580",25510,38,2015-09-26 11:20:00,3.49650756146648
"1581",25511,38,2015-09-26 11:24:00,3.40119738166216
"1582",25512,38,2015-09-26 11:29:00,3.49650756146648
"1583",25514,38,2015-09-26 12:28:00,2.30258509299405
"1584",25515,38,2015-09-26 12:34:00,3.49650756146648
"1585",25516,38,2015-09-26 12:57:00,2.30258509299405
"1586",25517,38,2015-09-26 13:02:00,3.49650756146648
"1587",25518,38,2015-09-26 13:09:00,3.49650756146648
"1588",25519,38,2015-09-26 13:17:00,3.49650756146648
"1589",25520,38,2015-09-26 13:25:00,3.49650756146648
"1590",25521,38,2015-09-26 13:33:00,3.49650756146648
"1591",25522,38,2015-09-26 14:55:00,3.49650756146648
"1592",25523,38,2015-09-26 15:03:00,3.49650756146648
"1593",25524,38,2015-09-26 15:10:00,3.49650756146648
"1594",25525,38,2015-09-26 16:02:00,3.61091791264422
"1595",25526,38,2015-09-26 16:09:00,3.61091791264422
"1596",25527,38,2015-09-26 16:16:00,3.61091791264422
"1597",25528,38,2015-09-26 17:00:00,3.61091791264422
"1598",25529,38,2015-09-26 17:07:00,3.61091791264422
"1599",25530,38,2015-09-26 17:14:00,3.61091791264422
"1600",25531,38,2015-09-26 17:23:00,3.61091791264422
"1601",25532,38,2015-09-26 17:30:00,3.61091791264422
"1602",25533,38,2015-09-26 17:38:00,3.61091791264422
"1603",25534,38,2015-09-26 19:25:00,3.71357206670431
"1604",25535,38,2015-09-26 19:31:00,3.71357206670431
"1605",25536,38,2015-09-26 19:37:00,3.71357206670431
"1606",25537,38,2015-09-26 20:47:00,3.80666248977032
"1607",25538,38,2015-09-26 20:54:00,3.80666248977032
"1608",25539,38,2015-09-26 21:01:00,3.80666248977032
"1609",25540,38,2015-09-26 21:29:00,3.80666248977032
"1610",25541,38,2015-09-26 21:36:00,3.80666248977032
"1611",25542,38,2015-09-26 21:43:00,3.80666248977032
"1612",25543,38,2015-09-26 21:49:00,3.80666248977032
"1613",25544,38,2015-09-26 21:56:00,3.80666248977032
"1614",25545,38,2015-09-26 22:02:00,3.80666248977032
"1615",25546,38,2015-09-26 22:49:00,3.80666248977032
"1616",25547,38,2015-09-26 22:55:00,3.80666248977032
"1617",25548,38,2015-09-26 23:02:00,3.89182029811063
"1618",25549,38,2015-09-26 23:50:00,3.89182029811063
"1619",25550,38,2015-09-26 23:57:00,3.89182029811063
"1620",25551,38,2015-09-27 00:03:00,3.89182029811063
"1621",25552,38,2015-09-27 00:32:00,3.89182029811063
"1622",25553,38,2015-09-27 00:38:00,3.89182029811063
"1623",25554,38,2015-09-27 00:45:00,3.89182029811063
"1624",25555,38,2015-09-27 02:57:00,4.04305126783455
"1625",25556,38,2015-09-27 03:03:00,4.04305126783455
"1626",25557,38,2015-09-27 03:10:00,4.04305126783455
"1627",25558,38,2015-09-27 03:17:00,4.04305126783455
"1628",25559,38,2015-09-27 03:23:00,4.04305126783455
"1629",25560,38,2015-09-27 03:30:00,4.04305126783455
"1630",25561,38,2015-09-27 04:34:00,3.97029191355212
"1631",25562,38,2015-09-27 04:40:00,3.97029191355212
"1632",25563,38,2015-09-27 04:46:00,3.97029191355212
"1633",25564,38,2015-09-27 04:52:00,3.97029191355212
"1634",25565,38,2015-09-27 04:57:00,3.97029191355212
"1635",25566,38,2015-09-27 05:04:00,3.97029191355212
"1636",25567,38,2015-09-27 05:10:00,4.04305126783455
"1637",25568,38,2015-09-27 05:16:00,4.04305126783455
"1638",25569,38,2015-09-27 05:22:00,4.04305126783455
"1639",25570,38,2015-09-27 06:03:00,4.04305126783455
"1640",25571,38,2015-09-27 06:09:00,4.04305126783455
"1641",25572,38,2015-09-27 06:15:00,4.04305126783455
"1642",25573,38,2015-09-27 07:09:00,3.97029191355212
"1643",25574,38,2015-09-27 07:15:00,3.97029191355212
"1644",25575,38,2015-09-27 07:21:00,3.97029191355212
"1645",25576,38,2015-09-27 07:27:00,3.97029191355212
"1646",25577,38,2015-09-27 07:33:00,3.97029191355212
"1647",25578,38,2015-09-27 07:39:00,3.97029191355212
"1648",25579,38,2015-09-27 07:44:00,3.97029191355212
"1649",25580,38,2015-09-27 07:50:00,3.97029191355212
"1650",25581,38,2015-09-27 07:57:00,3.97029191355212
"1651",25582,38,2015-09-27 08:03:00,3.97029191355212
"1652",25583,38,2015-09-27 08:10:00,3.97029191355212
"1653",25584,38,2015-09-27 08:17:00,3.97029191355212
"1654",25585,38,2015-09-27 08:23:00,3.97029191355212
"1655",25586,38,2015-09-27 08:29:00,3.97029191355212
"1656",25587,38,2015-09-27 08:36:00,3.97029191355212
"1657",25588,38,2015-09-27 09:29:00,3.97029191355212
"1658",25589,38,2015-09-27 09:34:00,3.97029191355212
"1659",25590,38,2015-09-27 09:40:00,3.97029191355212
"1660",25591,38,2015-09-27 09:46:00,3.97029191355212
"1661",25592,38,2015-09-27 09:53:00,3.97029191355212
"1662",25593,38,2015-09-27 10:00:00,3.97029191355212
"1663",25594,38,2015-09-27 10:26:00,3.97029191355212
"1664",25595,38,2015-09-27 10:32:00,3.97029191355212
"1665",25596,38,2015-09-27 10:38:00,4.04305126783455
"1666",25597,38,2015-09-27 12:37:00,3.97029191355212
"1667",25598,38,2015-09-27 12:44:00,3.97029191355212
"1668",25599,38,2015-09-27 12:51:00,3.97029191355212
"1669",25600,38,2015-09-27 13:03:00,3.97029191355212
"1670",25601,38,2015-09-27 13:09:00,3.97029191355212
"1671",25602,38,2015-09-27 13:16:00,3.97029191355212
"1672",25603,38,2015-09-27 15:46:00,3.97029191355212
"1673",25604,38,2015-09-27 15:54:00,3.97029191355212
"1674",25605,38,2015-09-27 16:02:00,3.97029191355212
"1675",25606,38,2015-09-27 16:10:00,3.97029191355212
"1676",25607,38,2015-09-27 16:17:00,3.97029191355212
"1677",25608,38,2015-09-27 16:24:00,3.97029191355212
"1678",25609,38,2015-09-27 17:11:00,3.97029191355212
"1679",25610,38,2015-09-27 17:18:00,3.97029191355212
"1680",25611,38,2015-09-27 17:25:00,3.97029191355212
"1681",25612,38,2015-09-27 19:12:00,3.89182029811063
"1682",25613,38,2015-09-27 19:18:00,3.89182029811063
"1683",25614,38,2015-09-27 19:24:00,3.89182029811063
"1684",25615,38,2015-09-27 19:31:00,3.89182029811063
"1685",25616,38,2015-09-27 19:37:00,3.89182029811063
"1686",25617,38,2015-09-27 19:44:00,4.11087386417331
"1687",25618,38,2015-09-27 19:50:00,3.89182029811063
"1688",25619,38,2015-09-27 19:57:00,3.89182029811063
"1689",25620,38,2015-09-27 20:01:00,3.89182029811063
"1690",25621,38,2015-09-27 22:26:00,3.89182029811063
"1691",25622,38,2015-09-27 22:32:00,3.89182029811063
"1692",25623,38,2015-09-27 22:37:00,3.89182029811063
"1693",25624,38,2015-09-27 23:00:00,3.89182029811063
"1694",25625,38,2015-09-27 23:05:00,3.89182029811063
"1695",25626,38,2015-09-27 23:11:00,3.89182029811063
"1696",25627,38,2015-09-28 01:01:00,3.80666248977032
"1697",25628,38,2015-09-28 01:07:00,3.80666248977032
"1698",25629,38,2015-09-28 01:13:00,3.80666248977032
"1699",25630,38,2015-09-28 01:55:00,3.80666248977032
"1700",25631,38,2015-09-28 02:01:00,3.80666248977032
"1701",25632,38,2015-09-28 02:07:00,3.80666248977032
"1702",25633,38,2015-09-28 02:14:00,3.80666248977032
"1703",25634,38,2015-09-28 02:20:00,3.80666248977032
"1704",25635,38,2015-09-28 02:26:00,3.80666248977032
"1705",25636,38,2015-09-28 02:49:00,3.80666248977032
"1706",25637,38,2015-09-28 02:55:00,3.80666248977032
"1707",25638,38,2015-09-28 03:02:00,3.80666248977032
"1708",25639,38,2015-09-28 03:08:00,3.80666248977032
"1709",25640,38,2015-09-28 03:14:00,3.80666248977032
"1710",25641,38,2015-09-28 03:20:00,3.80666248977032
"1711",25642,38,2015-09-28 03:26:00,3.80666248977032
"1712",25643,38,2015-09-28 03:32:00,3.80666248977032
"1713",25644,38,2015-09-28 03:38:00,3.80666248977032
"1714",25645,38,2015-09-28 04:19:00,3.80666248977032
"1715",25646,38,2015-09-28 04:25:00,3.80666248977032
"1716",25647,38,2015-09-28 04:31:00,3.80666248977032
"1717",25648,38,2015-09-28 05:33:00,3.71357206670431
"1718",25649,38,2015-09-28 05:39:00,3.71357206670431
"1719",25650,38,2015-09-28 05:46:00,3.71357206670431
"1720",25651,38,2015-09-28 05:51:00,3.71357206670431
"1721",25652,38,2015-09-28 05:57:00,3.71357206670431
"1722",25653,38,2015-09-28 06:03:00,3.71357206670431
"1723",25654,38,2015-09-28 06:09:00,3.71357206670431
"1724",25655,38,2015-09-28 06:15:00,3.71357206670431
"1725",25656,38,2015-09-28 06:22:00,3.71357206670431
"1726",25657,38,2015-09-28 09:11:00,3.71357206670431
"1727",25658,38,2015-09-28 09:19:00,3.80666248977032
"1728",25659,38,2015-09-28 09:27:00,3.71357206670431
"1729",25660,38,2015-09-28 09:35:00,3.71357206670431
"1730",25661,38,2015-09-28 09:43:00,3.80666248977032
"1731",25662,38,2015-09-28 09:52:00,3.71357206670431
"1732",25663,38,2015-09-28 10:25:00,3.80666248977032
"1733",25664,38,2015-09-28 10:33:00,3.80666248977032
"1734",25665,38,2015-09-28 10:41:00,3.80666248977032
"1735",25666,38,2015-09-28 11:15:00,3.71357206670431
"1736",25667,38,2015-09-28 11:24:00,3.80666248977032
"1737",25668,38,2015-09-28 11:34:00,3.80666248977032
"1738",25669,38,2015-09-28 11:43:00,3.71357206670431
"1739",25670,38,2015-09-28 11:52:00,3.80666248977032
"1740",25671,38,2015-09-28 12:01:00,3.80666248977032
"1741",25672,38,2015-09-28 12:38:00,3.80666248977032
"1742",25674,38,2015-09-28 12:47:00,3.80666248977032
"1743",25675,38,2015-09-28 12:54:00,3.71357206670431
"1744",25676,38,2015-09-28 13:03:00,3.71357206670431
"1745",25677,38,2015-09-28 13:12:00,3.71357206670431
"1746",25678,38,2015-09-28 13:21:00,3.71357206670431
"1747",25679,38,2015-09-28 13:31:00,3.71357206670431
"1748",25680,38,2015-09-28 13:39:00,3.71357206670431
"1749",25681,38,2015-09-28 14:12:00,3.71357206670431
"1750",25682,38,2015-09-28 14:20:00,3.71357206670431
"1751",25683,38,2015-09-28 14:28:00,3.71357206670431
"1752",25684,38,2015-09-28 15:22:00,3.71357206670431
"1753",25685,38,2015-09-28 15:31:00,3.71357206670431
"1754",25686,38,2015-09-28 15:38:00,3.71357206670431
"1755",25687,38,2015-09-28 15:45:00,3.71357206670431
"1756",25688,38,2015-09-28 15:53:00,3.71357206670431
"1757",25689,38,2015-09-28 16:00:00,3.71357206670431
"1758",25690,38,2015-09-28 16:07:00,3.71357206670431
"1759",25691,38,2015-09-28 16:15:00,3.71357206670431
"1760",25692,38,2015-09-28 16:22:00,3.71357206670431
"1761",25693,38,2015-09-28 16:50:00,3.71357206670431
"1762",25694,38,2015-09-28 16:57:00,3.71357206670431
"1763",25695,38,2015-09-28 17:04:00,3.71357206670431
"1764",25696,38,2015-09-28 18:11:00,3.71357206670431
"1765",25697,38,2015-09-28 18:17:00,3.71357206670431
"1766",25698,38,2015-09-28 18:24:00,3.71357206670431
"1767",25699,38,2015-09-28 18:30:00,3.71357206670431
"1768",25700,38,2015-09-28 18:36:00,3.71357206670431
"1769",25701,38,2015-09-28 18:43:00,3.71357206670431
"1770",25702,38,2015-09-28 18:50:00,3.71357206670431
"1771",25703,38,2015-09-28 18:56:00,3.71357206670431
"1772",25704,38,2015-09-28 19:03:00,3.71357206670431
"1773",25705,38,2015-09-28 19:07:00,3.71357206670431
"1774",25706,38,2015-09-28 19:13:00,3.71357206670431
"1775",25707,38,2015-09-28 19:19:00,3.71357206670431
"1776",25708,38,2015-09-28 21:24:00,3.71357206670431
"1777",25709,38,2015-09-28 21:30:00,3.71357206670431
"1778",25710,38,2015-09-28 21:35:00,3.71357206670431
"1779",25711,38,2015-09-28 21:41:00,3.71357206670431
"1780",25712,38,2015-09-28 21:47:00,3.71357206670431
"1781",25713,38,2015-09-28 21:52:00,3.71357206670431
"1782",25714,38,2015-09-28 21:58:00,3.71357206670431
"1783",25715,38,2015-09-28 22:03:00,3.71357206670431
"1784",25716,38,2015-09-28 22:09:00,3.71357206670431
"1785",25717,38,2015-09-28 22:32:00,3.71357206670431
"1786",25718,38,2015-09-28 22:37:00,3.71357206670431
"1787",25719,38,2015-09-28 22:43:00,3.71357206670431
"1788",25720,38,2015-09-29 01:36:00,3.61091791264422
"1789",25721,38,2015-09-29 01:42:00,3.61091791264422
"1790",25722,38,2015-09-29 01:47:00,3.61091791264422
"1791",25723,38,2015-09-29 02:57:00,3.61091791264422
"1792",25724,38,2015-09-29 03:03:00,3.61091791264422
"1793",25725,38,2015-09-29 03:08:00,3.61091791264422
"1794",25726,38,2015-09-29 10:55:00,3.61091791264422
"1795",25727,38,2015-09-29 11:03:00,3.61091791264422
"1796",25728,38,2015-09-29 11:11:00,3.61091791264422
"1797",25729,38,2015-09-29 11:19:00,3.61091791264422
"1798",25730,38,2015-09-29 11:28:00,3.61091791264422
"1799",25731,38,2015-09-29 11:37:00,3.61091791264422
"1800",25732,38,2015-09-29 11:46:00,3.61091791264422
"1801",25733,38,2015-09-29 11:54:00,3.61091791264422
"1802",25734,38,2015-09-29 12:03:00,3.61091791264422
"1803",25735,38,2015-09-29 14:09:00,3.61091791264422
"1804",25736,38,2015-09-29 14:16:00,3.61091791264422
"1805",25737,38,2015-09-29 14:24:00,3.61091791264422
"1806",25738,38,2015-09-29 17:20:00,3.61091791264422
"1807",25739,38,2015-09-29 17:27:00,3.61091791264422
"1808",25740,38,2015-09-29 17:34:00,3.61091791264422
"1809",25741,38,2015-09-29 18:01:00,3.61091791264422
"1810",25742,38,2015-09-29 18:08:00,3.61091791264422
"1811",25743,38,2015-09-29 18:16:00,3.49650756146648
"1812",25744,38,2015-09-30 01:02:00,3.61091791264422
"1813",25745,38,2015-09-30 01:09:00,3.61091791264422
"1814",25746,38,2015-09-30 01:17:00,3.61091791264422
"1815",25747,38,2015-09-30 02:07:00,3.61091791264422
"1816",25748,38,2015-09-30 02:15:00,2.30258509299405
"1817",25749,38,2015-09-30 02:16:00,3.61091791264422
"1818",25750,38,2015-09-30 02:46:00,3.61091791264422
"1819",25751,38,2015-09-30 02:53:00,3.61091791264422
"1820",25752,38,2015-09-30 03:01:00,3.61091791264422
"1821",25753,38,2015-09-30 03:08:00,3.61091791264422
"1822",25754,38,2015-09-30 03:15:00,3.61091791264422
"1823",25755,38,2015-09-30 03:23:00,3.61091791264422
"1824",25756,38,2015-09-30 03:30:00,3.61091791264422
"1825",25757,38,2015-09-30 03:38:00,3.61091791264422
"1826",25758,38,2015-09-30 03:45:00,3.61091791264422
"1827",25759,38,2015-09-30 03:51:00,3.61091791264422
"1828",25760,38,2015-09-30 03:58:00,3.61091791264422
